-- phpMyAdmin SQL Dump
-- version 4.5.1
-- http://www.phpmyadmin.net
--
-- Host: 127.0.0.1
-- Generation Time: 16 Okt 2018 pada 18.32
-- Versi Server: 10.1.19-MariaDB
-- PHP Version: 5.6.24

SET SQL_MODE = "NO_AUTO_VALUE_ON_ZERO";
SET time_zone = "+00:00";


/*!40101 SET @OLD_CHARACTER_SET_CLIENT=@@CHARACTER_SET_CLIENT */;
/*!40101 SET @OLD_CHARACTER_SET_RESULTS=@@CHARACTER_SET_RESULTS */;
/*!40101 SET @OLD_COLLATION_CONNECTION=@@COLLATION_CONNECTION */;
/*!40101 SET NAMES utf8mb4 */;

--
-- Database: `plp2018_db`
--

-- --------------------------------------------------------

--
-- Struktur dari tabel `api`
--

CREATE TABLE `api` (
  `id_api` int(11) NOT NULL,
  `name` varchar(150) NOT NULL,
  `email` varchar(150) NOT NULL
) ENGINE=InnoDB DEFAULT CHARSET=utf8;

-- --------------------------------------------------------

--
-- Struktur dari tabel `book`
--

CREATE TABLE `book` (
  `id_book` int(11) NOT NULL,
  `book_name` varchar(150) NOT NULL,
  `rating` enum('1','2','3','4','5') NOT NULL,
  `content` text NOT NULL
) ENGINE=InnoDB DEFAULT CHARSET=utf8;

-- --------------------------------------------------------

--
-- Struktur dari tabel `category`
--

CREATE TABLE `category` (
  `categoryId` bigint(20) NOT NULL,
  `name` varchar(200) NOT NULL,
  `description` longtext NOT NULL,
  `parent` bigint(20) NOT NULL DEFAULT '0'
) ENGINE=InnoDB DEFAULT CHARSET=latin1;

--
-- Dumping data untuk tabel `category`
--

INSERT INTO `category` (`categoryId`, `name`, `description`, `parent`) VALUES
(1, 'Politik', '<p>\n	Politik di Indonesia.</p>\n', 0),
(2, 'Nasional', '', 0),
(3, 'Nusantara', '', 0),
(4, 'Sumatra Utara', '', 3),
(5, 'Jawa Barat', '', 3),
(6, 'Jawa Tengah', '', 3),
(7, 'Jawa Timur', '', 3),
(8, 'Banten', '', 3),
(9, 'Megapolitan', '', 0),
(10, 'Bekasi', '', 9),
(11, 'Bogor', '', 9),
(12, 'Depok', '', 9),
(13, 'Jakarta', '', 9),
(14, 'Tangerang', '', 9),
(15, 'Hukum', '', 0),
(16, 'Kriminal', '', 15),
(17, 'Peristiwa', '', 15),
(18, 'Korupsi', '', 15),
(19, 'Ekonomi', '', 0),
(20, 'Makro', '', 19),
(21, 'Mikro', '', 19),
(22, 'Hiburan', '', 0),
(23, 'Kuliner', '', 22),
(24, 'Wisata', '', 22),
(25, 'Event', '', 22),
(26, 'Olahraga', '', 0),
(27, 'Budaya', '', 22);

-- --------------------------------------------------------

--
-- Struktur dari tabel `comment`
--

CREATE TABLE `comment` (
  `commentId` bigint(20) NOT NULL,
  `newsId` bigint(20) NOT NULL DEFAULT '0',
  `author` varchar(255) NOT NULL,
  `email` varchar(100) NOT NULL,
  `content` text NOT NULL,
  `date` datetime NOT NULL,
  `ip` varchar(100) NOT NULL,
  `parent` bigint(20) NOT NULL DEFAULT '0'
) ENGINE=InnoDB DEFAULT CHARSET=latin1;

--
-- Dumping data untuk tabel `comment`
--

INSERT INTO `comment` (`commentId`, `newsId`, `author`, `email`, `content`, `date`, `ip`, `parent`) VALUES
(1, 1, 'Moch Ridwan Sentosa', 'mochridwansentosa@gmail.com', 'test input komentar 1', '2018-10-15 06:24:01', '', 0),
(3, 1, 'Moch Ridwan Sentosa', 'sentosaridwan@gmail.com', 'test input komentar 2', '2018-10-15 06:26:57', '', 0),
(4, 1, 'Moch Ridwan Sentosa', 'sentosaridwan@gmail.com', 'Test input komentar 3', '2018-10-15 06:30:12', '::1', 0);

-- --------------------------------------------------------

--
-- Struktur dari tabel `groups`
--

CREATE TABLE `groups` (
  `id` int(11) NOT NULL,
  `name` varchar(20) NOT NULL,
  `description` varchar(150) NOT NULL
) ENGINE=InnoDB DEFAULT CHARSET=utf8;

--
-- Dumping data untuk tabel `groups`
--

INSERT INTO `groups` (`id`, `name`, `description`) VALUES
(1, 'admin', 'Administrator'),
(2, 'members', 'General User');

-- --------------------------------------------------------

--
-- Struktur dari tabel `groups_menu`
--

CREATE TABLE `groups_menu` (
  `id_groups` int(11) NOT NULL,
  `id_menu` int(11) NOT NULL
) ENGINE=InnoDB DEFAULT CHARSET=utf8;

--
-- Dumping data untuk tabel `groups_menu`
--

INSERT INTO `groups_menu` (`id_groups`, `id_menu`) VALUES
(1, 1),
(2, 1),
(1, 4),
(1, 21),
(1, 5),
(1, 6),
(2, 6),
(1, 7),
(2, 7),
(1, 8),
(1, 10),
(1, 28),
(1, 3),
(2, 3),
(1, 30),
(1, 41),
(1, 42),
(2, 42),
(1, 43),
(2, 43),
(1, 44),
(2, 44),
(1, 46),
(1, 47),
(2, 47);

-- --------------------------------------------------------

--
-- Struktur dari tabel `login`
--

CREATE TABLE `login` (
  `id` int(30) NOT NULL,
  `loginId` varchar(255) NOT NULL,
  `loginType` int(20) NOT NULL,
  `name` varchar(255) NOT NULL,
  `firstName` varchar(255) NOT NULL,
  `lastName` varchar(255) NOT NULL,
  `email` varchar(255) NOT NULL,
  `gender` varchar(255) NOT NULL,
  `profilePic` varchar(255) NOT NULL,
  `location` varchar(255) NOT NULL,
  `created_on` datetime NOT NULL
) ENGINE=InnoDB DEFAULT CHARSET=utf8;

-- --------------------------------------------------------

--
-- Struktur dari tabel `login_attempts`
--

CREATE TABLE `login_attempts` (
  `id` int(11) NOT NULL,
  `ip_address` varchar(15) NOT NULL,
  `login` varchar(100) NOT NULL,
  `time` int(11) DEFAULT NULL
) ENGINE=InnoDB DEFAULT CHARSET=utf8;

-- --------------------------------------------------------

--
-- Struktur dari tabel `logs`
--

CREATE TABLE `logs` (
  `id` int(11) NOT NULL,
  `action` varchar(125) NOT NULL,
  `logs` text NOT NULL,
  `createdAt` timestamp NOT NULL DEFAULT CURRENT_TIMESTAMP ON UPDATE CURRENT_TIMESTAMP
) ENGINE=InnoDB DEFAULT CHARSET=utf8;

--
-- Dumping data untuk tabel `logs`
--

INSERT INTO `logs` (`id`, `action`, `logs`, `createdAt`) VALUES
(1, 'login', '{"status":true,"identity":"admin@admin.com","ip":"::1"}', '2018-10-15 23:34:35'),
(2, 'register', '{"status":true,"via":"admin","identity":"mochridwansentosa@gmail.com","ip":"::1"}', '2018-10-15 23:45:07'),
(3, 'logout', '{"status":true,"id":"1","identity":"admin@admin.com","ip":"::1"}', '2018-10-15 23:45:12'),
(4, 'login', '{"status":true,"identity":"mochridwansentosa@gmail.com","ip":"::1"}', '2018-10-15 23:45:26'),
(5, 'logout', '{"status":true,"id":"3","identity":"mochridwansentosa@gmail.com","ip":"::1"}', '2018-10-15 23:45:55'),
(6, 'login', '{"status":true,"identity":"admin@admin.com","ip":"::1"}', '2018-10-15 23:46:05'),
(7, 'logout', '{"status":true,"id":"1","identity":"admin@admin.com","ip":"::1"}', '2018-10-15 23:51:23'),
(8, 'login', '{"status":true,"identity":"admin@admin.com","ip":"::1"}', '2018-10-16 00:05:32'),
(9, 'logout', '{"status":true,"id":"1","identity":"admin@admin.com","ip":"::1"}', '2018-10-16 00:06:10'),
(10, 'login', '{"status":true,"identity":"admin@admin.com","ip":"::1"}', '2018-10-16 00:06:19'),
(11, 'logout', '{"status":true,"id":"1","identity":"admin@admin.com","ip":"::1"}', '2018-10-16 00:07:40'),
(12, 'login', '{"status":true,"identity":"admin@admin.com","ip":"::1"}', '2018-10-16 00:13:24'),
(13, 'logout', '{"status":true,"id":"1","identity":"admin@admin.com","ip":"::1"}', '2018-10-16 00:16:20'),
(14, 'login', '{"status":false,"message":"Incorrect Login","identity":"admin@admin.com","ip":"::1"}', '2018-10-16 00:21:21'),
(15, 'login', '{"status":false,"message":"Incorrect Login","identity":"mochridwansenta@gmail.com","ip":"::1"}', '2018-10-16 00:21:36'),
(16, 'login', '{"status":true,"identity":"admin@admin.com","ip":"::1"}', '2018-10-16 07:33:55'),
(17, 'logout', '{"status":true,"id":"1","identity":"admin@admin.com","ip":"::1"}', '2018-10-16 07:34:04'),
(18, 'login', '{"status":true,"identity":"admin@admin.com","ip":"::1"}', '2018-10-16 07:34:29'),
(19, 'logout', '{"status":true,"id":"1","identity":"admin@admin.com","ip":"::1"}', '2018-10-16 07:59:31'),
(20, 'login', '{"status":true,"identity":"admin@admin.com","ip":"::1"}', '2018-10-16 07:59:40'),
(21, 'logout', '{"status":true,"id":"1","identity":"admin@admin.com","ip":"::1"}', '2018-10-16 08:57:15'),
(22, 'login', '{"status":true,"identity":"mochridwansentosa@gmail.com","ip":"::1"}', '2018-10-16 08:57:26'),
(23, 'logout', '{"status":true,"id":"3","identity":"mochridwansentosa@gmail.com","ip":"::1"}', '2018-10-16 08:57:43'),
(24, 'login', '{"status":true,"identity":"admin@admin.com","ip":"::1"}', '2018-10-16 08:57:49'),
(25, 'logout', '{"status":true,"id":"1","identity":"admin@admin.com","ip":"::1"}', '2018-10-16 08:58:26'),
(26, 'login', '{"status":true,"identity":"mochridwansentosa@gmail.com","ip":"::1"}', '2018-10-16 08:58:35'),
(27, 'logout', '{"status":true,"id":"3","identity":"mochridwansentosa@gmail.com","ip":"::1"}', '2018-10-16 09:01:35'),
(28, 'login', '{"status":true,"identity":"admin@admin.com","ip":"::1"}', '2018-10-16 09:01:44'),
(29, 'login', '{"status":true,"identity":"admin@admin.com","ip":"::1"}', '2018-10-16 09:03:17'),
(30, 'logout', '{"status":true,"id":"1","identity":"admin@admin.com","ip":"::1"}', '2018-10-16 09:11:27'),
(31, 'login', '{"status":true,"identity":"mochridwansentosa@gmail.com","ip":"::1"}', '2018-10-16 09:11:43'),
(32, 'login', '{"status":true,"identity":"admin@admin.com","ip":"::1"}', '2018-10-16 16:21:01'),
(33, 'logout', '{"status":true,"id":"1","identity":"admin@admin.com","ip":"::1"}', '2018-10-16 16:30:31'),
(34, 'login', '{"status":true,"identity":"mochridwansentosa@gmail.com","ip":"::1"}', '2018-10-16 16:30:54');

-- --------------------------------------------------------

--
-- Struktur dari tabel `menu`
--

CREATE TABLE `menu` (
  `id_menu` int(11) NOT NULL,
  `sort` int(11) NOT NULL DEFAULT '99',
  `level` int(11) NOT NULL,
  `parent_id` int(11) NOT NULL DEFAULT '0',
  `icon` varchar(125) NOT NULL,
  `label` varchar(25) NOT NULL,
  `link` varchar(125) NOT NULL,
  `id` varchar(25) NOT NULL DEFAULT '#',
  `id_menu_type` int(11) NOT NULL
) ENGINE=InnoDB DEFAULT CHARSET=utf8;

--
-- Dumping data untuk tabel `menu`
--

INSERT INTO `menu` (`id_menu`, `sort`, `level`, `parent_id`, `icon`, `label`, `link`, `id`, `id_menu_type`) VALUES
(1, 0, 1, 0, 'eyedropper', 'MAIN NAVIGATION', '', '#', 1),
(3, 1, 2, 1, 'dashboard', 'Dashboard', 'myigniter/dashboard', '#', 1),
(4, 7, 3, 46, 'table', 'CRUD Generator', 'myigniter/crud_builder', '', 1),
(5, 14, 2, 1, 'user', 'Users', '#', '', 1),
(6, 15, 3, 5, 'circle-o', 'Users', 'myigniter/users', '#', 1),
(7, 16, 3, 5, 'circle-o', 'Groups', 'myigniter/groups', '#', 1),
(8, 11, 3, 46, 'bars', 'Menu', 'myigniter/menu/side-menu', 'navMenu', 1),
(10, 13, 3, 46, 'cloud', 'API', 'api/user', '#', 1),
(19, 0, 1, 0, '', 'Home', '', '', 2),
(20, 1, 1, 0, '', 'About', 'page/about', '', 2),
(21, 8, 3, 46, 'file-o', 'Page Generator', 'myigniter/page_builder', '', 1),
(28, 10, 3, 46, 'th', 'Module Extensions', 'myigniter/modules', 'module', 1),
(29, 4, 1, 0, '', 'Dashboard', 'myigniter/dashboard', '', 2),
(30, 12, 3, 46, 'book', 'Documentation', 'documentation/welcome', '', 1),
(31, 2, 1, 0, '', 'Hello World', 'example', '', 2),
(33, 3, 1, 0, '', 'Get Started', 'documentation', '', 2),
(41, 9, 3, 46, 'database', 'Database manager', 'myigniter/database', '', 1),
(42, 2, 2, 1, 'archive', 'News', 'myigniter/table/news__3', '#', 1),
(43, 3, 2, 1, 'bars', 'Category', 'myigniter/table/category__2', '#', 1),
(44, 4, 2, 1, 'tag', 'Tags', 'myigniter/table/tags__5', '#', 1),
(46, 6, 2, 1, 'gavel', 'Utility', '', '#', 1),
(47, 5, 2, 1, 'comments', 'Comment', 'myigniter/table/comment__4', '#', 1);

-- --------------------------------------------------------

--
-- Struktur dari tabel `menu_type`
--

CREATE TABLE `menu_type` (
  `id_menu_type` int(11) NOT NULL,
  `type` varchar(125) NOT NULL
) ENGINE=InnoDB DEFAULT CHARSET=utf8;

--
-- Dumping data untuk tabel `menu_type`
--

INSERT INTO `menu_type` (`id_menu_type`, `type`) VALUES
(1, 'Side menu'),
(2, 'Top menu');

-- --------------------------------------------------------

--
-- Struktur dari tabel `migrations`
--

CREATE TABLE `migrations` (
  `module` varchar(20) NOT NULL,
  `version` int(3) NOT NULL
) ENGINE=InnoDB DEFAULT CHARSET=utf8;

--
-- Dumping data untuk tabel `migrations`
--

INSERT INTO `migrations` (`module`, `version`) VALUES
('CI_core', 4);

-- --------------------------------------------------------

--
-- Struktur dari tabel `news`
--

CREATE TABLE `news` (
  `newsId` bigint(20) NOT NULL,
  `title` varchar(225) NOT NULL,
  `content` text NOT NULL,
  `image` varchar(255) NOT NULL,
  `date` datetime NOT NULL,
  `categoryId` bigint(20) NOT NULL,
  `userId` bigint(20) NOT NULL DEFAULT '1',
  `viewCount` bigint(20) NOT NULL DEFAULT '0',
  `commentCount` bigint(20) NOT NULL DEFAULT '0',
  `likeCount` bigint(20) NOT NULL DEFAULT '0'
) ENGINE=InnoDB DEFAULT CHARSET=latin1;

--
-- Dumping data untuk tabel `news`
--

INSERT INTO `news` (`newsId`, `title`, `content`, `image`, `date`, `categoryId`, `userId`, `viewCount`, `commentCount`, `likeCount`) VALUES
(1, 'Bawaslu Bentuk Sukarelawan TPS di Seluruh Desa', '<p>\n	BATURAJA - Bawaslu Kabupaten Ogan Komering Ulu, Sumatera Selatan, akan membentuk sukarelawan tempat pemungutan suara (TPS) di seluruh desa wilayah setempat guna membantu mengawasi pelaksanaan Pemilu 2019.</p>\n<p>\n	Sukarelawan TPS tersebut dibentuk dari masyarakat setiap desa di wilayah untuk membantu jalannya pemilihan agar tidak terjadi kecurangan, kata Ketua Bawaslu Kabupaten Ogan Komering Ulu (OKU) Dewantara Jaya di Baturaja, Selasa (10/10/2018).</p>\n<p>\n	&quot;Sukarelawan TPS menjadi kepanjangan tangan Bawaslu untuk memastikan tidak adanya kecurangan di masing-masing TPS,&quot; tambah Dewantara saat menggelar Rapat Kerja Teknis Pengawasan, Pencermatan, dan Penyempurnaan Daftar Pemilih Tetap Hasil Perbaikan Tahap Pertama (DPTHP-1) di Sekretariat Bawaslu OKU.</p>\n<p>\n	Ia mengemukakan, bahwa pelaksanaan Rakernis Pengawasan, Pencermatan, dan Penyempurnaan DPTHP-1 ini agar masyarakat terdata dalam DPT sehingga bisa menyalurkan hak pilih pada Pemilu 2019.</p>\n<p>\n	Rakernis itu sendiri dihadiri seluruh jajaran Bawaslu OKU, Ketua KPU OKU Naning Wijaya didampingi anggota KPU setempat Erwin Suharja, dan perwakilan Disdukcapil OKU Yanizi serta peserta rakernis. yakni anggota PPK dan Panwaslucam se-OKU.</p>\n<p>\n	&quot;Jika DPT valid, masyarakat dapat menyalurkan hak suara ke TPS. DPT merupakan acuan penyelenggara,&quot; tegasnya.</p>\n<p>\n	Sementara itu, Ketua KPU OKU Naning Wijaya menyampaikan terima kasih kepada pihak Bawaslu setempat atas kerja sama berkoordinasi dalam rangka penetapan DPT. &quot;DPT harus dicermati agar hak masyarakat dapat terpenuhi,&quot; katanya. (ant)</p>\n<p>\n	&nbsp;</p>\n', '550fe-bawaslu.jpeg', '2018-10-14 23:47:00', 1, 1, 11, 4, 1),
(2, 'Pemkot Mataram Segera Atur Pemasangan Atribut Kampanye', '<p>\n	MATARAM - Pemerintah Kota Mataram, Nusa Tenggara Barat segera mengatur pemasangan atribut alat peraga kampanye pada Pemilihan Umum 2019 agar tidak menyalahi aturan.</p>\n<p>\n	Wali Kota Mataram Ahyar Abduh mengatakan, untuk mengatur pemasangan atribut alat peraga kampanye (APK) tersebut, pemerintah kota akan melakukan koordinasi dengan penyelenggara pemilu, dalam hal ini Bawaslu dan KPU.</p>\n<p>\n	&quot;Tujuannya, untuk sama-sama mengambil kebijakan dimana titik-titik yang boleh dan harus steril dari atribut kampanye,&quot; katanya di Mataram, Selasa (10/10/2018).</p>\n<p>\n	Dia menanggapi mulai marak pemasangan berbagai atribut APK partai politik terutama untuk calon anggota legislatif (caleg) yang dipasang pada fasilitas umum.</p>\n<p>\n	Fasilitas umum yang dimaksudkan, antara lain di tiang listrik dan sejumlah pohon pelindung yang dinilai dapat merusak pohon tersebut karena atribut dipaku permanen.</p>\n<p>\n	&quot;Sebagai salah satu pendidikan politik, kita ada kewajiban untuk menjaga estetika di kota ini agar tetap indah dan rapi, dengan tidak memasang APK pada fasilitas umum,&quot; ujarnya pula.</p>\n<p>\n	Kepala Badan Kesatuan Bangsa dan Politik Kota Mataram Rudy Suryawan mengatakan, draf penetapan zonasi pemasangan APK Pemilu 2019 sebenarnya sudah ada, begitu juga dengan tim penertiban APK.</p>\n<p>\n	&quot;Kami tinggal mengajukan ke wali kota untuk penandatanganan SK-nya, sehingga tim bisa langsung bergerak melakukan penertiban,&quot; katanya lagi.</p>\n<p>\n	Menurutnya, dalam tahapan penertiban APK Pemilu 2019 sama dengan proses penertiban saat Pilkada Gubernur dan Wakil Gubernur NTB beberapa waktu lalu.</p>\n<p>\n	Tim akan melakukan penertiban sesuai dengan rekomendasi dari Panwaslu, kemudian tim memberikan rekomendasi ke KPU sebagai dasar dilakukan penertiban oleh tim.</p>\n<p>\n	&quot;Jika sudah ada penetapan pelanggaran dari KPU, kita langsung turun melakukan penertiban secara menyeluruh pada enam kecamatan,&quot; kata Rudy yang mengakui pelanggaran pemasangan APK sudah mulai marak.</p>\n<p>\n	Menurut Rudy, berdasarkan keputusan KPU Kota Mataram Nomor: 131/HK.03.1.Kpt/5271/KPU-Kot/X/2018 tentang Perubahan atas Keputusan KPU Kota Mataram Nomor: 126/HK.03.1.Kpt/5271/KPU-Kot/X/2018 tentang Penetapan Pemasangan Alat Peraga Kampanye Pada Pemilu 2019.</p>\n<p>\n	&quot;Dalam keputusan tersebut, KPU telah menetapkan titik-titik yang boleh untuk memasang APK di enam kecamatan, termasuk jenisnya. Keputusan KPU itulah yang akan menjadi acuan kerja tim penertiban APK ke depan,&quot; katanya menambahkan. (ant)</p>\n<p>\n	&nbsp;</p>\n', 'd8713-wali-kota-mataram-ahyar-abduh..jpg', '2018-10-14 23:55:00', 1, 1, 1, 0, 0),
(3, 'Golkar Yakin ARB Kompak Dukum Jokowi-Ma''ruf', '<p>\n	JAKARTA - Sekretaris Jenderal DPP Partai Golkar Lodewijk Freidrich Paulus meyakini Ketua Dewan Pembina Partai Golkar Aburizal Bakrie (ARB) akan kompak/solid mendukung pasangan Joko Widodo-Ma&#39;ruf Amin dalam Pemilu Presiden (Pilpres) 2019.</p>\n<p>\n	&quot;ARB saat pelepasan calon anggota legislatif pada 23 September menegaskan beliau perintahkan kepada para caleg memenangkan Golkar di Pemilu Legislatif dan memenangkan Jokowi-Ma&#39;ruf di Pemilu Presiden,&quot; kata Lodewijk di Kompleks Parlemen, Jakarta, Selasa (10/10/2018).</p>\n<p>\n	Hal itu menurut dia menunjukkan sikap ARB yang kompak/solid mendukung keputusan DPP Partai Golkar mengusung Jokowi-Ma&#39;ruf.</p>\n<p>\n	Ia mengakui silaturahim Tim Kampanye Nasional (TKN) Koalisi Indonesia Kerja (KIK) ke kediaman ARB pada Senin (8/10) malam meminta masukan ARB terkait kontestasi Pilpres.</p>\n<p>\n	&quot;ARB pada 2014 ikut pertarungan Pilpres yang mendukung Prabowo. Kami minta masukan dan pandangan beliau menyikapi perkembangan serta situasi terkini,&quot; ujarnya.</p>\n<p>\n	Menurut dia, diskusi DPP Partai Golkar dengan para senior partai intensif dilakukan termasuk dengan ARB karena akan menghadapi Pemilu serentak yang baru pertama kali dilakukan.</p>\n<p>\n	Karena itu menurut dia, diperlukan bagaimana mengatur strategi agar Golkar memiliki formula dan rencana aksi yang tepat untuk menggerakan kader dalam memenangkan partai dan Jokowi-Ma&#39;ruf.</p>\n<p>\n	&quot;Perkembangan internal partai selalu kami informasikan ke beliau sebagai tokoh senior Golkar. Beliau dari sisi luar memiliki teropong lebih tinggi dan jauh melihat Golkar seperti apa termasuk bagaimana mengatur strategi memenangkan Jokowi-Ma&#39;ruf,&quot; katanya. (ant)</p>\n<p>\n	&nbsp;</p>\n', '6de75-ketua-dewan-pembina-partai-golkar-aburizal-bakrie-.jpg', '2018-10-14 23:59:00', 1, 1, 0, 0, 0),
(4, 'Pemerintah Siapkan Kunjungan Sekjen PBB ke Palu', '<p>\n	JAKARTA - Kementerian Koordinator bidang Politik, Hukum dan Keamanan (Kemenko Polhukam) menyiapkan pengamanan kunjungan Sekjen PBB Antonio Guterres dan Perdana Menteri Malaysia Mahathir Mohammad ke Palu, Sulawesi Tengah.</p>\n<p>\n	&quot;Kita melakukan suatu rapat koordinasi karena pada saat Bali Forum ini kan ada tamu VVIP yang akan berencana untuk mengunjungi daerah bencana di Palu,&quot; kata Menko Polhukam, Wiranto usai rapat koordinasi dengan Wakapolri Komjen Ari Dono Sukmanto dan Kepala BNPB Willem Rampalingei di Kantor Kemenkopolhukam, Jakarta Pusat, Selasa (10/10/2018).</p>\n<p>\n	Kunjungan itu akan dilakukan di sela pertemuan Bank Dunia-IMF, di Nusa Dua, Bali. Komjen Ari menyebutkan, rapat koordinasi untuk memastikan kunjungan itu lancar dan aman, karena penerbangan ke Palu saat ini sedang padat sekali atau &quot;crowded&quot; dan kondisi di lapangan juga dalam masa tanggap darurat.</p>\n<p>\n	&quot;Ketika seorang tamu negara akan berkunjung ke suatu tempat terlebih kawasan bencana seperti di Palu, Sulawesi Tengah diperlukan suatu pengamanan. Tentunya pada saat VVIP ini berkunjung ke Palu kan perlu kita atur ya dengan sebaik-baiknya agar perjalanan itu aman, lancar, dan menemukan suatu sasaran dalam rangka kunjungan, tidak sembarangan,&quot; jelas mantan panglima TNI ini.</p>\n<p>\n	Menurut purnawirawan Jenderal bintang empat ini, rapat koordinasi yang digelar untuk mengatur soal rincian/detail kunjungan seperti lokasi hingga pengawalan.</p>\n<p>\n	&quot;Untuk itu kita atur. Di sana hostnya siapa. Entry briefing ya penjelasannya itu yang singkat, padat, jelas, siapa yang memberikan, yang meng-guidance siapa. Lalu sasaran-sasaran yang perlu ditinjau itu apa aja. Kan nggak terus kita bebaskan aja. Jadi rapat hari ini sudah menyelesaikan pengaturan itu,&quot; ujarnya.</p>\n<p>\n	Sementara itu, Wakapolri Komjen Ari Dono Sukmanto menambahkan, pihaknya telah mengatur pengamanan bagi tamu VVIP yang akan meninjau daerah di Palu, Sulteng pasca bencana gempa dan tsunami, namun dirinya tidak menyebut jumlah personel yang akan dikerahkan.</p>\n<p>\n	&quot;Nanti secara rinci detail pengamanan pasti tertutup itu kan soal teknisnya. Intinya ring 1 Paspampres ring 2 yang akan didatangi, sudah pasti kita adakan sterilisasi persiapan keamanan,&quot; tutur Ari. (ant)</p>\n<p>\n	&nbsp;</p>\n', '31bb7-pm-portugal-antonio-guterres-3.jpg', '2018-10-15 00:03:00', 1, 1, 0, 0, 0),
(5, 'Nusron: Pengerahan Massa Kawal Amien Rais Tradisi Buruk', '<p>\n	BOGOR - Politikus Golkar Nusron Wahid menyatakan sikap terkait bakal adanya pengerahan massa saat pemeriksaan Ketua Dewan Kehormatan PAN Amien Rais sebagai saksi kasus pernyataan bohong Ratna Sarumpaet di Polda Metro Jaya pada Rabu (10/10/2018).</p>\n<p>\n	&quot;Pasti kan ini tradisi buruk ya, setiap ada orang diperiksa bawa massa, diperiksa bawa massa, seakan-akan mau menekan dan sebagainya, biarkan hukum bicara dengan hukum,&quot; kata Nusron di lingkungan Istana Kepresidenan Bogor, Bogor, Selasa (10/10/2018).</p>\n<p>\n	Sebelumnya, Ketua Umum Persaudaraan Alumni (PA) 212 Slamet Maarif mengatakan, organisasinya akan mendampingi Amien Rais ketika menjalani pemeriksaan di Polda Metro Jaya, Rabu (10/10), sebagai bentuk dukungan moril.</p>\n<p>\n	&quot;Tidak usah dibawa dengan massa, katanya sudah legowo semalam timnya. Ikhlas diserahkan sama aparat hukum ya sudah. Kalau mau didampingi pengacara silakan, tidak apa-apa, tidak usah pakai bawa massa. kalau bawa masa nanti dihadapi massa lagi kacau lagi, mau jadi apa bangsa ini nanti?&quot; tambah Nusron.</p>\n<p>\n	Kepala Badan Nasional Penempatan dan Perlindungan Tenaga Kerja Indonesia (BNP2TKI) itu meyakini bahwa tidak ada kriminalisasi yang dilakukan pihak kepolisian.</p>\n<p>\n	&quot;Dimana kriminalisasinya? Jangan buat hoaks lagi, terbukti kalau polisi itu melangkah, itu pasti ada fakta yg ingin diklarifikasi. Jangan kemudian ditarik ini kriminalisasi dan sebagainya, kemarin juga kalau kemudian tidak ada pengakuan dari Ratna Sarumpaet &#39;ngomong&#39; dia operasi plastik kriminalisasi juga &#39;ngarang&#39; juga,&quot; ungkap Nusron.</p>\n<p>\n	Anggota Tim Kampanye Nasional capres-cawapres 01 Joko Widodo-Ma&#39;ruf Amin itu menilai kepolisian sudah sesuai jalurnya dengan melakukan klarifikasi selama ada fakta perbuatan yang diduga melanggar hukum tersebut.</p>\n<p>\n	&quot;Kalau memang tidak terbukti, yang bersangkutan tidak merasa bersalah, bersangkutan benar ya dihadapi saja. Tidak usah mengatakan ini kriminalisasi. Saya yakin polisi akan profesional untuk melakukan ini semua ya karena itu kami katakan Pak Amien kan tokoh, karena tokoh itu sebaiknya jangan buat istilah menuduh polisi kriminalisasi. Kalau memang Pak Amien Rais yakin betul sudah saya yakin tidak ada apa-apa, polisi juga gentar kalau hadapi orang benar,&quot; tegas Nusron.</p>\n<p>\n	PA 212 akan berkumpul di Masjid Al Munawar, Pancoran pada pukul 08.00 Wib, kemudian salat Duha bersama, lalu berangkat ke Polda bersama Amien Rais. PA 212 juga akan mengawal dan menunggu Amien sampai beliau keluar dari Polda serta memastikan anggota Dewan Pembina Badan Pemenangan Nasional (BPN) Prabowo/Sandiaga itu pulang ke rumahnya.</p>\n<p>\n	Ratna Sarumpaet disangkakan pasal 14 UU Nomor 1 Tahun 146 yang menyebutkan barang siapa, dengan menyiarkan berita atau pemberitahuan bohong, dengan sengaja menerbitkan keonaran dikalangan rakyat, dihukum dengan hukuman penjara setinggi-tingginya sepuluh tahun.</p>\n<p>\n	Sebelumnya beredar kabar aktivis Ratna Sarumpaet menjadi korban pengeroyokan sejumlah orang tidak dikenal di sekitar Bandara Husein Sastranegara Bandung Jawa Barat pada 21 September 2018.</p>\n<p>\n	Ratna mengaku dianiaya sejumlah orang usai menghadiri pertemuan internasional bersama dua rekannya warga negara asing saat menuju Bandara Husein Sastranegara.</p>\n<p>\n	Namun aparat kepolisian menyatakan tidak menemukan fakta, saksi maupun informasi terkait penganiayaan yang dialami Ratna Sarumpaet. Ratna lalu memohon maaf lantaran telah menyampaikan kebohongan terkait dengan informasi pengeroyokan tersebut. (ant)</p>\n<p>\n	&nbsp;</p>\n', 'b64de-ketua-bnp2tki-nusron-wahid.jpg', '2018-10-15 00:04:00', 1, 1, 3, 0, 1),
(6, 'Mantan Wali Kota Sabang Tersangka Korupsi', '<p>\n	Kejaksaan Tinggi Aceh menetapkan mantan Wali Kota Sabang (periode 2012-2017) Zulkifli H Adam (ZA) sebagai tersangka korupsi pengadaan tanah untuk pembangunan rumah guru.</p>\n<p>\n	Kepala Kejaksaan Tinggi Aceh Chaerul Amir, di Banda Aceh, Selasa (10/10/2018), mengatakan, selain ZA, tim penyidik juga menetapkan M, Pejabat Pelaksana Teknis Kegiatan (PPTK) Pengadaan Tanah yang berlokasi di Balohan Sabang.</p>\n<p>\n	&quot;Keduanya ditetapkan sebagai tersangka dugaan penggelembungan harga pengadaan tanah pembangunan rumah guru. Pengadaan tanah tersebut dibiayai APBK Sabang 2012, dengan nilai Rp1,6 miliar,&quot; ujar Chaerul Amir.</p>\n<p>\n	Chaerul menyebutkan, ZA merupakan pemilik tanah yang luasnya mencapai 9.437 meter persegi. ZA diduga terlibat sejak pembahasan anggaran pengadaan tanah pembangunan rumah guru ketika menjabat sebagai anggota DPRK Sabang.</p>\n<p>\n	Hasil penyidikan ditemukan fakta bahwa ZA selaku pemilik menawarkan harga Rp250 ribu per meter persegi. Sedangkan Dinas Pendidikan Sabang selaku instansi terkait menawarkan harga Rp120 ribu.</p>\n<p>\n	Pihak pemilik tanah dan pembeli dalam hal ini Dinas Pendidikan Kota Sabang akhirnya menyepakati harga Rp170 ribu per meter persegi. Namun, harga tersebut tidak sesuai dengan nilai jual objek pajak dan jauh dari harga pasaran.</p>\n<p>\n	&quot;Sedangkan harga pasaran tanah milik tersangka berkisar Rp60 ribu hingga Rp70 ribu per meter persegi. Jadi, antara harga tanah milik ZA yang dibeli dengan harga pasaran terjadi selisih yang tinggi, sehingga diduga ada penggelembungan harga,&quot; kata dia lagi.</p>\n<p>\n	Chaerul menyatakan, tim penyidik belum memeriksa dan menahan kedua tersangka. Kedua tersangka sebelumnya pernah dimintai keterangan pada saat perkara dalam proses penyidikan.</p>\n<p>\n	&quot;Dalam kasus ini, tidak tertutup kemungkinan adanya tersangka baru. Penambahan tersangka tergantung hasil penyidikan lebih lanjut. ZA dan M dalam waktu dekat akan dipanggil untuk menjalani pemeriksaan sebagai tersangka,&quot; kata Chaerul. (ant)</p>\n', 'b90b6-mantan-wali-kota-sabang-periode-2012-2017-zulkifli-haji-adam..jpg', '2018-10-15 00:15:00', 18, 1, 0, 0, 0),
(7, 'Empat Lokasi di Kabupaten Malang Digeledah Lagi', '<p>\n	MALANG - Komisi Pemberantasan Korupsi (KPK) menggeledah kembali empat lokasi di Kabupaten Malang, Selasa, termasuk menyita sejumlah dokumen.</p>\n<p>\n	Empat lokasi yang digeledah itu, yakni Kantor Dinas Pendidikan Kabupaten Malang, Badan Perencanaan Pembangunan Daerah Kabupaten Malang, Dinas PUPR Kabupaten Malang, dan Kantor Bupati Malang.</p>\n<p>\n	&quot;Hari ini, ada empat di Disdik, Bappeda, PUPR, Kantor Bupati juga dilakukan penggeledahan,&quot; kata Juru Bicara KPK Febri Diansyah di Gedung KPK RI, Jakarta, Selasa (10/10/2018).</p>\n<p>\n	Sebelumnya, KPK pada hari Senin (8/10) juga telah menggeledah empat lokasi di Kabupaten Malang, yakni Pendopo Bupati Malang, kantor swasta, rumah swasta, dan rumah PNS.</p>\n<p>\n	&quot;Dari delapan lokasi ini, KPK sampai dengan saat ini menyita dan mengamankan sejumlah dokumen yang relevan dengan pokok perkaranya,&quot; ungkap Febri.</p>\n<p>\n	Terkait dengan informasi yang menyebutkan Bupati Malang Rendra Kresna telah menjadi tersangka, KPK belum bisa menyampaikannya saat ini.</p>\n<p>\n	&quot;Kami memang belum bisa sampaikan saat ini siapa yang menjadi tersangka dalam kasus yang sedang ditangani oleh KPK di Malang karena tim masih di lapangan sejak kemarin,&quot; tuturnya.</p>\n<p>\n	Pada prinsipnya, lanjut Febri, KPK sudah melakukan penyidikan di Kabupaten Malang itu karena telah melakukan penggeledahan di delapan lokasi tersebut.</p>\n<p>\n	&quot;Tentu kalau penyidikan sudah ada tersangka. Akan tetapi, untuk kepentingan penanganan perkara nanti setelah beberapa kegiatan awal dilakukan di Malang oleh tim, baru kami bisa memberikan informasi lebih lengkap siapa saja yang menjadi tersangka,&quot; kata Febri.</p>\n<p>\n	Sebelumnya, Rendra yang juga Ketua Dewan Pimpinan Wilayah NasDem Jatim mengundurkan diri usai penggeledahan oleh penyidik KPK.</p>\n<p>\n	&quot;Dalam suasana keprihatinan ini, DPP Partai NasDem mempersilakan KPK untuk melanjutkan proses hukum dengan tetap mengedepankan rasa keadilan bagi setiap warga negara,&quot; kata Ketua DPP NasDem Bidang Media dan Informasi Publik Willy Aditya di Jakarta, Senin (8/10) malam.</p>\n<p>\n	Willy mengatakan bahwa Ketua Umum Partai NasDem Surya Paloh menerima dan memproses pengunduran diri Rendra Kresna sebagai Ketua DPW NasDem Jatim.</p>\n<p>\n	Ia menyatakan bahwa surat permohonan diri Rendra Kresna sebagai kader NasDem didasari rasa tanggung jawab terhadap masalah hukum yang ditangani KPK. (ant)</p>\n', '8500c-juru-bicara-kpk-febri-diansyah..jpg', '2018-10-15 00:17:00', 18, 1, 0, 0, 0),
(8, 'Polda Jatim Ungkap Kasus "Swinger" di Surabaya', '<p>\n	SURABAYA - Subdit IV Renakta Direktorat Reserse Kriminal Umum (Ditreskrimum) Kepolisian Daerah Jawa Timur mengungkap kasus pertukaran pasangan atau &quot;swinger&quot; yang melibatkan beberapa pasangan di Surabaya.</p>\n<p>\n	&quot;Ada tiga pasangan suami istri yang kami amankan namun hanya pelaku berinisial EH yang jadi tersangka. Pertukaran pasangan ini sudah berlangsung sekitar tiga kali,&quot; kata Wadireskrimum Polda Jatim AKBP Juda Nusa Putra, saat merilis kasus itu, di Surabaya, Selasa (10/10/2018).</p>\n<p>\n	Juda menjelaskan, modus operandi yang dipakai tersangka adalah mengajak atau menawarkan pasangan suami istri untuk bertukar pasangan atau melalui media sosial twitter, dengan syarat istri berumur sekitar 22 tahun dan suami berumur sekitar 29 tahun.</p>\n<p>\n	&quot;Setelah di twitter, tersangka mengajak bertukar pasangan bersama di sebuah hotel bintang tiga. Yang mengenaskan, istrinya lagi hamil ikut dilibatkan,&quot; ujarnya lagi.</p>\n<p>\n	Tarif yang dikenakan tersangka EH kepada pasangan suami istri lainnya adalah Rp750 ribu yang bisa dilakukan dengan cara dua tahap, yakni dengan pembayaran di awal dan dilunasi sisanya setelah bertemu di lokasi.</p>\n<p>\n	Dari kasus ini, polisi mengamankan sembilan pakaian dalam, uang tunai Rp750 ribu, enam lembar buku nikah asli, satu lembar tagihan hotel, dua buah alat kontrasepsi, dan empat telepon genggam sebagai barang bukti.</p>\n<p>\n	Atas perbuatannya EH dijerat pelanggaran pasal 296 KUHP dan atau pasal 506 KUHP, tentang tindak pidana memudahkan perbuatan cabul dan atau mengambil keuntungan dari pelacuran perempuan dengan ancaman hukuman pidana empat tahun penjara. (ant)</p>\n', '0d4c2-polda-jatim-ungkap-pasangan-swinger..jpg', '2018-10-15 00:18:00', 16, 1, 1, 0, 0),
(9, 'Polisi Tangkap Bandar 4,55 Gram Sabu-sabu', '<p>\n	LANGKAT - Aparat Kepolisian Tanjungpura, Langkat, Sumatera Utara menangkap seorang tersangka yang merupakan bandar narkotika berikut barang bukti seberat 4,55 gram sabu-sabu.</p>\n<p>\n	Kepala Sub-Hubungan Masyarakat Kepolisian Resor Langkat AKP Arnold Hasibuan, di Stabat, Senin (9/10/2018), mengatakan penangkapan itu berdasarkan informasi dari warga.</p>\n<p>\n	Arnold menjelaskan, tersangka yang diringkus petugas itu berinisial HAB (19), warga Dusun Palu Rengas, Desa Pematang Cengal, Kecamatan Tanjungpura ditangkap setelah polisi melihat tersangka di depan kediamannya.</p>\n<p>\n	Hasil penangkapan terhadap tersangka itu, diamankan berbagai barang bukti di antaranya satu bungkus plastik klip sedang berisikan sabu-sabu seberat 1,05 gram, tujuh bungkus plastik klip kecil seberat 3,5 gram.</p>\n<p>\n	Petugas juga mengamankan barang bukti lainnya berupa dua bungkus plastik klip besar berisikan plastik klip kosong, kaca pireks, dua sekop, tiga mancis, dan dompet warna pink, katanya pula.</p>\n<p>\n	Penangkapan tersangka ini bermula dari informasi warga di sana, di kawasan Dusun Palu Masjid, Desa Pematang Cengal, Kecamatan Tanjungpura itu sering dijadikan tempat transaksi narkotika jenis sabu-sabu.</p>\n<p>\n	Petugas yang dipimpin Iptu Rinaldi Simamora langsung turun ke lokasi untuk melakukan penangkapan terhadap tersangka. Kemudian, hasil penggeledahan badan didapatkan berbagai barang bukti.</p>\n<p>\n	Penyidik polisi sedang memeriksa tersangka secara intensif dan mempersangkakannya dengan pasal 114 ayat (1) dan pasal 112 ayat (1) UU Republik Indonesia Nomor 35/2009 tentang Narkotika, dengan ancaman hukuman penjara selama lima tahun. (ant)</p>\n', 'db8f4-tersangka-sabu.jpg', '2018-10-15 00:20:00', 16, 1, 1, 0, 0),
(10, 'Kantongi Sabu, Ayah Satu Anak Berhasil Diringkus Polisi', '<p>\n	TEBING TINGGI - Percaya dengan adanya anggapan bila mengunakan narkotika jenis sabu dapat menghilangkan stres dan menambah stamina membuat Reza Perdana Lumbantobing (28), warga Pulau Sumatera, Lingkungan I, Kelurahan Tualang, Kecamatan Padang Hulu, Kota Tebing Tinggi kemudian nekat mengunakan barang haram tersebut.</p>\n<p>\n	Namun setelah tiga bulan menjadi pengguna narkotika jenis sabu tersebut, tersangka Reza yang merupakan ayah satu orang anak ini akhirnya berhasil diringkus personil Satuan Reserse (Satres) Narkoba Polres Tebing Tinggi.</p>\n<p>\n	Kasubbag Humas Polres Tebing Tinggi Ipda Lidya saat dikonfirmasi, Selasa (9/10/2018) siang di Mapolres Tebing Tinggi membenarkan adanya penangkapan terhadap Reza Perdana Lumbantobing.</p>\n<p>\n	&quot;Tersangka Reza berhasil ditangkap pada Rabu (26/9/2018) pagi sekitar pukul 03.00 Wib di Jalan Dipanegara tepatnya di depan Taman Kota, setelah personil Satres Narkoba mendapatkan informasi dari masyarakat yang mengatakan jika tersangka Reza baru saja melakukan transaksi narkoba jenis sabu. Atas adanya laporan itu, kita selanjutnya melakukan penyelidikan dan berhasil membuntuti tersangka hingga selaniutnya melakukan penangkapan,&quot; jelasnya.</p>\n<p>\n	Dari tangan tersangka Reza, petugas berhasil menemukan barang bukti 2 bungkus plastik transparan yang berisikan serbuk kristal diduga sabu dengan berat bersih 0,10 gram yang disembunyikan tersangka di dalam satu bungkus kotak rokok.</p>\n<p>\n	&quot;Akibat perbuatannya, tersangka Reza Perdana Lumbantobing akan diancam dengan pasal 114 ayat 1 Subsidi pasal 112 ayat 1 UU RI No. 35 Tahun 2009 tentang penyalahgunaan narkotika dengan ancaman hukuman minimal 5 tahun penjara,&quot; tegas Kasubbag Humas.</p>\n<p>\n	Sementara tersangka Reza yang setiap harinya hanya bekerja membantu istrinya berjualan sarapan pagi mengaku, jika dirinya membeli sabu tersebut dari rekannya Iwan, dengan harga Rp 80 ribu. &quot;Aku sudah dua kali beli dari Iwan, dan sudah semenjak tiga bulan belakangan ini aku memakai sabu tersebut,&quot; ujarnya. (nal)</p>\n', '6214f-barbuk.jpeg', '2018-10-15 00:21:00', 16, 1, 1, 0, 0),
(11, 'Satu Tewas Dalam Pertikaian di Umagi Tolikara', '<p>\n	JAYAPURA - Polisi menyebutkan satu warga tewas dan 10 lainnya luka-luka setelah pertikaian antara dua kelompok warga di Distrik Umagi, Kabupaten Tolikara, Papua, Selasa (10/10/2018) pagi, sekitar pukul 09.00 WIT.</p>\n<p>\n	Kabid Humas Polda Papua Kombes AM Kamal, di Kota Jayapura, Selasa, mengatakan pertikaian antara dua kelompok warga itu berawal dari rencana penyelesaian kasus perzinahan.</p>\n<p>\n	&quot;Namun dari pihak laki-laki datang ke tempat yang disepakati untuk selesaikan masalah dengan membawa alat tajam berupa busur dan anak panah, sehingga pertikaian tidak terhindarkan,&quot; katanya pula.</p>\n<p>\n	Akibatnya, kata dia, empat orang warga dilarikan ke Puskesmas Mamit, dan enam warga lainnya dibawa ke RS Karubaga untuk menjalani perawatan medis.</p>\n<p>\n	&quot;Sementara satu warga yang tewas yang belum diketahui namanya dan langsung dikremasi oleh warga sesuai dengan adat setempat,&quot; kata dia.</p>\n<p>\n	Sedangkan aparat kepolisian di Tolikara, lanjut Kamal, setelah menerima laporan dari warga langsung ke lokasi tempat pertikaian dengan jarak tempuh tiga jam perjalanan.</p>\n<p>\n	&quot;Kita semua tahu bahwa geografis di Tolikara berbukit, sehingga sore hari tadi anggota di lapangan baru tiba di lokasi dan langsung menemui sejumlah pihak untuk menyelesaikan kasus tersebut pada esok hari,&quot; katanya.</p>\n<p>\n	Terkait persoalan itu, Kamal mengatakan akan melakukan pemeriksaan terhadap pihak-pihak yang diduga melakukan tindak kekerasan yang berujung adanya korban jiwa.</p>\n<p>\n	&quot;Iya, tentunya kita melihat manfaat dan risiko yang lebih kecil dalam penegakan hukum di lapangan, tidak serta merta pukul rata, pakai hukum positif lalu adat atau sebaliknya tetapi melihat lebih luas bagaimana menyelesaikan persoalan ini tanpa menimbulkan konflik sosial baru di tengah warga,&quot; kata dia.</p>\n<p>\n	Kamal menegaskan, bahwa Polri dan TNI dalam menyelesaikan konflik sosial di tengah masyarakat lebih mengedepankan sikap humanis dengan melibatkan semua pihak. (ant)</p>\n', '19942-ilustrasi.jpg', '2018-10-15 00:22:00', 17, 1, 0, 0, 0),
(12, 'BI Ungkap Sejumlah Kesepakatan Investasi', '<p>\n	NUSA DUA - Deputi Direktur Departemen Pengembangan Pasar Keuangan Bank Indonesia (BI), Agustina Dharmayanti, mengungkapkan terdapat 21 proyek yang akan ditandatangani senilai 13,6 miliar dolar AS di sela-sela Pertemuan Tahunan IMF-WBG 2018.</p>\n<p>\n	Dalam temu media di Nusa Dua, Bali, Selasa (9/10/2018), Agustina mengatakan, penandatanganan kesepakatan investasi untuk proyek-proyek tersebut dijadwalkan akan dilakukan pada Kamis (11/10/2018).</p>\n<p>\n	Beberapa investor yang terlibat, antara lain Air France-KLM dari Prancis yang bekerja sama dengan PT GMF AeroAsia Tbk untuk pengembangan teknologi pemeliharaan mesin pesawat.</p>\n<p>\n	Investasi untuk pengembangan kawasan wisata di Mandalika, Nusa Tenggara Barat, juga dilakukan dengan melibatkan Indonesia Tourism Development Corporation (Persero) dan Asian Infrastructure Investment Bank (AIIB).</p>\n<p>\n	Perusahaan asal Kanada, Waterbury Farrel, juga akan bekerja sama dengan PT Pindad dengan untuk pembangunan pabrik amunisi di Malang, Jawa Timur. PT Antam Tbk juga akan menjalin kesepakatan dengan Ocean Energy untuk proyek nikel di Halmahera Timur.</p>\n<p>\n	&quot;Nanti secara lengkap akan disampaikan. Ada juga dari Aluminum Corporation of China Limited (Chalco) untuk proyek kilang smelter grade alumina Juga ada Inalum dengan MIT Energy Initiative,&quot; kata Agustina.</p>\n<p>\n	Selanjutnya, beberapa perusahaan yang juga terlibat dalam proyek-proyek yang akan ditandatangi antara lain AMW GmbH, PT INKA, PT Pertamina, PLN, PT Kereta Api Indonesia, Jasa Marga, PT SMI, dan Maybank.</p>\n<p>\n	Dalam kesempatan yang sama, Deputi Gubernur BI Dody Budi Waluyo menjelaskan, realisasi investasi untuk mendukung pembangunan infrastruktur di berbagai sektor akan menunjukkan kepada lingkungan global bahwa Indonesia terus tumbuh dan melakukan perbaikan.</p>\n<p>\n	&quot;Bagi Indonesia, dari sisi permasalahan defisit transaksi berjalan yang selalu menjadi isu, harapannya dengan infrastruktur yang lebih baik maka kegiatan ekspor akan terbantu,&quot; ujar dia. (ant)</p>\n', '5b1f3-bank-indonesia.jpg', '2018-10-15 00:24:00', 20, 1, 0, 0, 0),
(13, 'IHSG Menguat Ditopang Saham Kapitalisasi Besar', '<p>\n	JAKARTA - Indeks harga saham gabungan (IHSG) Bursa Efek Indonesia (BEI) pada Selasa ditutup melanjutkan penguatan 35,71 poin ditopang saham-saham berkapitalisasi besar.</p>\n<p>\n	IHSG ditutup menguat 35,71 poin atau 0,62 persen menjadi 5.796,79. Sedangkan kelompok 45 saham unggulan atau indeks LQ45 bergerak naik 7,68 poin atau 0,85 persen menjadi 911,81.</p>\n<p>\n	&quot;Investor melakukan aksi beli terhadap saham-saham berkapitalisasi besar, sehingga IHSG kembali menguat,&quot; ujar Analis Henan Putihrai Sekuritas, Indra di Jakarta, Selasa.</p>\n<p>\n	Ia mengatakan, bahwa investor melakukan aksi beli secara selektif terhadap saham-saham yang valuasinya relatif masih rendah.</p>\n<p>\n	Kendati demikian, menurut dia, pergerakan IHSG saat ini bersifat teknikal sehingga pergerakannya relatif jangka pendek mengingat minimnya sentimen positif yang beredar di pasar dalam beberapa hari terakhir ini.</p>\n<p>\n	Vice President Research Department, Indosurya Bersinar Sekuritas, William Surya Wijaya mengatakan, investor asing yang melakukan aksi lepas saham menahan IHSg untuk menguat lebih tinggi.</p>\n<p>\n	&quot;Kembalinya arus dana asing masih terus kita harapkan sehingga dapat mendongkrak kenaikan IHSG dalam jangka menengah panjang,&quot; katanya.</p>\n<p>\n	Berdasarkan data BEI, investor asing membukukan jual bersih atau &quot;foreign net sell&quot; sebesar Rp300,25 miliar pada hari ini (Selasa, 9/10).</p>\n<p>\n	Sementara itu tercatat, frekuensi perdagangan saham pada hari ini (5/10) sebanyak 348.360 kali transaksi dengan jumlah saham yang diperdagangkan sebanyak 9,46 miliar lembar saham senilai Rp6,04 triliun. Sebanyak 189 saham naik, 192 saham menurun, dan 124 saham tidak bergerak nilainya.</p>\n<p>\n	Bursa regional, di antaranya indeks nikkei melemah 314,33 poin (1,32 persen) ke 23.469,39, indeks Hang Seng melemah 29,66 poin (0,11 persen) ke 26.172,91, dan indeks Strait Times melemah 14,85 poin (0,47 persen) ke posisi 3.166,60. (ant)</p>\n', 'ac3ee-ihsg.jpg', '2018-10-15 00:25:00', 20, 1, 0, 0, 0),
(14, 'Tingkatkan Keterampilan Petani Kopi Simalungun, TPL Gelar Pelatihan di Tiga Kecamatan', '<p>\n	SIMALUNGUN - Untuk meningkatkan taraf hidup masyarakat khususnya petani kopi, PT Toba Pulp Lestari Tbk (TPL) melakukan pelatihan pengembangan ekonomi masyarakat bidang penciptaan lapangan kerja dan pengembangan keterampilan, bagi 55 orang masyarakat petani kopi dari tiga kecamatan di Kabupaten Simalungun.</p>\n<p>\n	&nbsp;</p>\n<p>\n	Adapun pelatihan dilakukan sejak Senin (8/10) hingga Rabu (10/10/2018). &quot;Pelatihan ini bertujuan untuk meningkatkan keterampilan petani kopi dan kualitas dari kopi itu sendiri,&quot; kata Manajer TPL Estate Aek Nauli Natanail Tarigan.</p>\n<p>\n	&nbsp;</p>\n<p>\n	Natanail juga menjelaskan, bahwa kopi saat ini memiliki potensi besar untuk dapat meningkatkan perekonomian masyarakat terutama di Kabupaten Simalungun. &quot;Kita harap pelatihan ini nantinya menciptakan petani kopi yang mampu menghasilkan kopi kualitas internasional,&quot; jelasnya.</p>\n<p>\n	&nbsp;</p>\n<p>\n	Pelatihan ini bekerjasama dengan pihak pemerintahan Kabupaten Simalungun dan pusat pendidikan serta pelatihan kopi dan kakao (Pusdiklatkoka) Kota Jember sebagai pelatih.</p>\n<p>\n	&nbsp;</p>\n<p>\n	Pada kesempatan itu, Kepala Bidang Perkebunan Dinas Pertanian Kabupaten Simalungun, Mangindar Saragih mengatakan, bahwa pelatihan ini sangat bermanfaat karena saat ini sebanyak 7.500 hektare lahan kopi masyarakat di kabupaten Simalungun, memiliki potensi untuk dikembangkan dan saat ini kopi arabika sumatera-Simalungun telah menerima pengakuan dari Dirjen HAKI Kemenhumkam RI,&nbsp;</p>\n<p>\n	&nbsp;</p>\n<p>\n	&quot;Untuk itu, kita harapkan dengan adanya perhatian pihak TPL yang bersentuhan langsung kepada masyarakat Simalungun, dapat membuat masyarakat mengetahui standar baku mutu kopi,&quot; kata Mangindar.</p>\n<p>\n	&nbsp;</p>\n<p>\n	Selanjutnya, ia juga berharap nantinya dengan pelatihan ini akan tercipta kelompok kelompok petani kopi yang bertaraf internasional.</p>\n<p>\n	&nbsp;</p>\n<p>\n	Pelatihan pengembangan ekonomi masyarakat bidang penciptaan lapangan kerja dan pengembangan keterampilan ini, meliputi petani dari Kecamatan Pematang Sidamanik, Kecamatan Jorlang hataran dan Kecamatan Girsang Sipangan Bolon.</p>\n<p>\n	&nbsp;</p>\n<p>\n	Pelatihan ini turut disaksikan Kepala Bidang Pembinaan BP2LHK Ali Imron, camat dari ketiga kecamatan dan Djoko Soemarno pelatih dari Pusdiklatkoka.</p>\n<p>\n	&nbsp;</p>\n<p>\n	&quot;Pelatihan ini diharapkan dapat berkesinambungan, sehingga para petani kopi kelak di Simalungun dapat meningkatkan produksi/kuantitasnya dan tentu lebih menuju pada kulitas kopi dipasaran,&quot;&nbsp; tambah salah satu peserta dari Kecamatan Girsip, B Sinaga. (jes)</p>\n<p>\n	&nbsp;</p>\n', '27a10-kopi-simalungun.jpg', '2018-10-15 00:26:00', 21, 1, 0, 0, 0),
(15, 'Hadir di Kota Tebing Tinggi, Wali Kota Resmikan Minimarket 212', '<p>\n	TEBING TINGGI - Minimarket 212 yang dimiliki Koperasi Syariah Amanah Anugerah Mubarokah kini hadir di Kota Tebing Tinggi, tepatnya di Jalan Deblot Sundoro No 43 dan secara resmi dibuka Wali Kota Tebing Tinggi Umar Zunaidi Hasibuan, Senin (8/10/2018) sore.</p>\n<p>\n	&nbsp;</p>\n<p>\n	Dihadapan Ketua MUI H Ahmad Dalil Harahap, Ketua FKUB H Abu Hasyim Siregar, Ketua FPI Muslim Istiqomah dan Ketua Koperasi Amanah Anugerah Mubarokah Tebing Tinggi Rahmah, Wali Kota mengatakan, jika kehadiran Minimarket 212 merupakan suatu keberkahan dan untuk kepentingan masyarakat Kota Tebing Tinggi.</p>\n<p>\n	&nbsp;</p>\n<p>\n	Ia juga mengatakan, bahwa jumlah anggota koperasi syariah, yang sebanyak 163 orang pemegang saham dari koperasi ini juga sifatnya adalah untuk memenuhi kehidupan dari pada masyarakat terutama anggotanya.</p>\n<p>\n	&nbsp;</p>\n<p>\n	&ldquo;Kalaulah 163 orang ini berkembang nantinya menjadi seribu orang tak usah lagi capek-capek cari pelanggan, karena anggotanya sajapun jadi pelanggan sudah cukup maju, tapi kuncinya adalah satu yaitu jujur dan transparan,&rdquo; jelasnya.</p>\n<p>\n	&nbsp;</p>\n<p>\n	Lebih jauh, Umar berharap, ekonomi Islam itu tidak hanya berjalan di tempat tapi harus maju. &ldquo;Saya sangat menginginkan Minimarket 212 Mart ini, nantinya bisa online baik kepada anggota maupun masyarakat, dan masyarakat bisa menjadi anggota serta bisa membayar melalui sistem online,&rdquo; harap Umar.</p>\n<p>\n	&nbsp;</p>\n<p>\n	Dalam kesempatan tersebut, ia berpesan agar usaha ini kedepan bisa dikembangkan lagi dengan usaha-usaha lain,</p>\n<p>\n	&nbsp;</p>\n<p>\n	&ldquo;Jangan selalu mengeluh dan menyatakan tidak kuat bersaing serta kurang modal untuk bersaing dengan pengusaha-pengusaha yang lain, karena itu bukan alasan, bila kita bersatu semuanya pasti bisa,&rdquo; pungkasnya.</p>\n<p>\n	&nbsp;</p>\n<p>\n	Sedangkan kepada para anggota Koperasi Syariah Amanah Anugerah Mubarokah Tebing Tinggi, Wali Kota berpesan jangan suka curiga kepada pengurus dan hilangkanlah perasaan-perasaan seperti itu. &quot;Percayalah kepada pengurus agar 212 Mart ini bisa berjalan dan berkembang dengan sebaik-baiknya,&quot; terangnya.</p>\n<p>\n	&nbsp;</p>\n<p>\n	Peresmian Minimarket 212 ini ditandai dengan penandatanganan prasasti yang dilakukan Wali Kota Tebing Tinggi dan pengguntingan pita serta pemberian paket sembako kepada 53 orang anak yatim dan 120 kaum dhuafa di Kota Tebing Tinggi. (nal)</p>\n<p>\n	&nbsp;</p>\n', '07b09-212-mart.jpg', '2018-10-15 00:27:00', 21, 1, 0, 0, 0),
(16, 'Keistimewaan Tenun Watubo di Pavilion Indonesia', '<p>\n	NUSA DUA - Pameran Pavilion Indonesia di area Hotel Westin, Nusa Dua, Bali, menyuguhkan sejumlah karya seni dan kerajinan khas Indonesia, salah satunya tenun ikat dari Desa Watublapi, Flores, Nusa Tenggara Timur (NTT) milik Kelompok Tenun Watubo.</p>\n<p>\n	&nbsp;</p>\n<p>\n	&quot;Yang istimewa dari tenun ini adalah karena penggunaan bahan pewarna alami untuk memproduksi kain-kain tenun seperti kulit mangga untuk pewarna kuning, daun nila untuk pewarna indigo serta akar mengkudu untuk pewarna merah,&quot; kata Rosvita, pendiri kelompok tenun Watubo yang terbentuk tahun 2015 di sela-sela kegiatannya menenun di Paviliun Indonesia di Bali, Selasa.</p>\n<p>\n	&nbsp;</p>\n<p>\n	Pembuatan tenun Watubo di Paviliun Indonesia menarik minat para delegasi Pertemuan Tahunan Dana Moneter Internasional (IMF)-Bank Dunia (World Bank) 2018 Bali. &quot;Memang proses pewarnaan alami ini lebih lama tapi lebih disukai karena lebih sehat dibanding pewarna kimia,&quot; kata Rosvita.</p>\n<p>\n	&nbsp;</p>\n<p>\n	Tenun Watubo memiliki kisah yang lebih dari sekedar selembar kain. &quot;Kain tenun adalah perjalanan hidup kami sejak bayi dilahirkan hingga mati. Ada sekitar 20 hingga 30 motif tradisional yang mengkisahkan perjalanan kehidupan,tapi yang paling diminati adalah motif Tibu yang merupakan simbol kesuburan perempuan,&quot; katanya.</p>\n<p>\n	&nbsp;</p>\n<p>\n	Ketika para ibu menginjak usia 50 tahun, anak perempuan mereka menghadiahkannya kain yang ditenun itu. Rosvita mengatakan, kelompoknya mendapat dukungan dari Bank Mandiri dengan diikutsertakan dalam berbagai pameran yang berpotensi mendatangkan pasar baru bagi kelompoknya.</p>\n<p>\n	&nbsp;</p>\n<p>\n	&quot;Kemarin Bank Mandiri mendatangkan Mario Lawalata untuk memberi pengembangan soal fashion kekinian, bagaimana cara membuat benang tenun jadi lebih halus,&quot; kata Rosvita.</p>\n<p>\n	&nbsp;</p>\n<p>\n	Tantangan bagi para perajin tenun Watubo, kata Rosvita, adalah bagaimana mendapatkan pasar baru tanpa meninggalkan tradisi. &quot;Untuk itu, dukungan dari berbagai pihak seperti ini sangat kami butuhkan,&quot; katanya.</p>\n<p>\n	&nbsp;</p>\n<p>\n	Harga kain tenun Watubo dibanderol mulai Rp4 juta hingga Rp250 juta, tergantung ukuran serta motif. Semakin rumit motif dan semakin lebar ukuran kain, maka akan semakin tinggi harganya.</p>\n<p>\n	&nbsp;</p>\n<p>\n	Tips menyimpan Menyimpan kain tenun yang diwarnai dari bahan alami seperti kain tenun Watubo memerlukan teknik tersendiri.</p>\n<p>\n	&nbsp;</p>\n<p>\n	Salah satunya adalah jangan mencuci kain tenun dengan deterjen karena terlalu keras dan dapat merapuhkan benang.</p>\n<p>\n	&nbsp;</p>\n<p>\n	&quot;Sehabis dicuci, angin-anginkan tapi jangan kena matahari langsung. Simpan di tempat yang kering dan tidak lembab. Tapi setiap sebulan sekali harus dikeluarkan dan paparkan pada cahaya karena pewarna dari bahan alami membutuhkan cahaya untuk hidup,&quot; katanya. (ant)</p>\n<p>\n	&nbsp;</p>\n', '26e11-tenun.jpg', '2018-10-15 01:10:00', 27, 1, 1, 0, 0),
(17, 'Menkeu Buka Galeri Seni Rupa Kontemporer "Art Bali"', '<p>\n	NUSA DUA - Menteri Keuangan Sri Mulyani Indrawati membuka galeri seni rupa kontemporer &quot;Art Bali&quot; di kawasan &quot;Indonesia Tourism Development Corporation&quot; (ITDC) Nusa Dua, Kabupaten Badung, di sela-sela pertemuan tahunan Dana Moneter Internasional dan Bank Dunia.</p>\n<p>\n	&nbsp;</p>\n<p>\n	&quot;Saya berterima kasih atas kerja keras yang luar biasa, agar saat pertemuan IMF dan Bank Dunia ini, kita persembahkan sudut yang merepresentasikan budaya Indonesia,&quot; kata Sri Mulyani ketika membuka galeri seni &quot;Art Bali&quot; di Nusa Dua, Badung, Bali, Selasa (10/10/2018).</p>\n<p>\n	&nbsp;</p>\n<p>\n	Menurut dia, seniman Indonesia memiliki kemampuan yang besar dengan daya imajinasi dan karya seni yang tinggi. Untuk itu, kata dia, pemerintah mendukung dan memberikan ruang bagi seniman terus berkreatifitas, meski di satu sisi akuntabilitas tetap harus dilakukan.</p>\n<p>\n	&nbsp;</p>\n<p>\n	Mantan Direktur Pelaksana Bank Dunia itu mengharapkan galeri seni yang dibangun dalam waktu 40 hari itu bisa menjadi &quot;oase&quot; khususnya bagi para delegasi di tengah padatnya agenda pertemuan tahunan.</p>\n<p>\n	&nbsp;</p>\n<p>\n	Galeri seni &quot;Art Bali&quot; mengambil tema perdana &quot;Beyond the Myths&quot; yang memberikan makna baru terkait cara pandang terhadap perkembangan mutakhir seni rupa baik di Bali, Indonesia dan dunia.</p>\n<p>\n	&nbsp;</p>\n<p>\n	Pendiri &quot;Art Bali&quot; Heri Pemad mengatakan, galeri itu akan menjadi ruang baru kesenian yang menjadikan seni dapat dinikmati masyarakat dari beragam latar belakang.</p>\n<p>\n	&nbsp;</p>\n<p>\n	Galeri itu, kata dia, juga diharapkan menjembatani koneksi para seniman dengan penikmat seni dan wadah baru bagi para seniman dan karya seninya untuk berjumpa dan berinteraksi langsung dengan publik.</p>\n<p>\n	&nbsp;</p>\n<p>\n	&quot;Art Bali&quot; yang berdiri di areal Bali Collection itu menghadirkan 35 karya seni artistik dan kontemporer. &quot;Ini kebanggan bagi kami karena dibuka bertepatan dengan pelaksanaan pertemuan tahunan IMF dan Bank Dunia. Ini akan menunjukkan warna kesenian Indonesia di mata dunia,&quot; katanya.</p>\n<p>\n	&nbsp;</p>\n<p>\n	Pembukaan &quot;Art Bali&quot; juga dihadiri Kepala Bekraf Triawan Munaf, Gubernur Bali Wayan Koster, seniman, penikmat seni, serta sejumlah delegasi pertemuan IMF dan Bank Dunia. (ant)</p>\n<p>\n	&nbsp;</p>\n', 'dab59-ilustrasi.jpg', '2018-10-15 01:15:00', 25, 1, 0, 0, 0),
(18, 'Mendongkrak Kunjungan Melalui Festival Pesona Selat Lembeh', '<p>\n	BITUNG - Pemerintah Kota Bitung, Sulawesi Utara kembali menggelar &quot;Festival Pesona Selat Lembeh&quot; (FSPL) 2018. Seperti tahun-tahun sebelumnya, FSPL kembali diadakan tanggal 6-10 Oktober dengan tema &quot;Sail The Difference&quot;.</p>\n<p>\n	&nbsp;</p>\n<p>\n	Wali Kota Bitung Maximilian Jonas Lomban mengatakan FSPL yang menjadi kebanggaan masyarakat Kota Bitung, adalah wujud perayaan masyarakat bahari yang tahun ini kian mengukuhkan festival sebagai pesta rakyat sekaligus etalase pariwisata Kota Bitung.</p>\n<p>\n	&nbsp;</p>\n<p>\n	FSPL tahun 2018 akan meramu secara kreatif pertunjukan ritual budaya, parade perahu &quot;Sailing Pass&quot;, syukuran budaya &quot;Thanksgiving Day&quot; yang unik, pertunjukan musik, marathon 10K ekshibisi kuliner dan pemutaran film, marching band, lomba kuliner, hingga aneka lokakarya dengan beragam tema.</p>\n<p>\n	&nbsp;</p>\n<p>\n	Sehingga diharapkan FSPL mampu menjadi destinasi yang memberi kesempatan bagi wisatawan untuk menikmati kecantikan kota Bitung sekaligus menikmati festival wisata kota ini.</p>\n<p>\n	&nbsp;</p>\n<p>\n	Tahun 2018, katanya, penyelenggaraan FSPL yang akan diadakan di Pelabuhan Perikanan Kota Bitung, dikemas berbeda dengan tahun-tahun sebelumnya. Yakni dengan rangkaian acara pembuka Sailing Pass yang merupakan parade kapal untuk kian mengukuhkan Kota Bitung sebagai kota bahari.</p>\n<p>\n	&nbsp;</p>\n<p>\n	Dia mengatakan inilah roh yang menghidupkan FSPL dan selaras dengan slogan Pemerintah Kota &quot;Bitung Bahari Berseri&quot;.</p>\n<p>\n	&nbsp;</p>\n<p>\n	Sailing Pass adalah acara unggulan yang akan menampilkan parade ratusan kapal nelayan, kapal perang dan kapal layar melintasi perairan Selat Lembeh.</p>\n<p>\n	&nbsp;</p>\n<p>\n	Selain itu, festival tahun 2018 juga dikemas berbeda dengan keberadaan 3 zona tematik yang inspiratif. Zona Tarsius -Eco Area, Yaki-Zona Festival, Pigmy-Zona Kuliner.</p>\n<p>\n	&nbsp;</p>\n<p>\n	Masing-masing zona akan menampilkan rangkaian acara yang variatif. Untuk memberikan kenyamanan dan kepuasan maksimal bagi pengunjung melalui pilihan zona sesuai minat para masyarakat dan wisatawan.</p>\n<p>\n	&nbsp;</p>\n<p>\n	Pelaksanaan tahun ini juga didukung beragam penampil berskala nasional seperti Gugun Blues Shelter, D Massive, Anji, DJ Innocent, Shandrayati Fay, Rhytm Rebels, dengan tak lupa menyuguhkan penampilan budaya tradisional Kota Bitung seperti masamper, maengket, kolintang, tari kabasaran dan barongsay liong sebagai wujud keragaman di kota ini.</p>\n<p>\n	&nbsp;</p>\n<p>\n	Nikmati juga keseruan &quot;Disko Tanah&quot; yang berakar dari kebiasaan masyarakat Bitung. Saksikan penampilan spesial Teater Sanggar Tangkasi yang menjadi sanggar seni kebanggaan Kota Bitung yang akan memeriahkan pelaksanaan Festival Pesona Selat Lembeh tahun 2018.</p>\n<p>\n	&nbsp;</p>\n<p>\n	Beragam lokakarya dengan tema menarik juga menjadi bagian penting FSPL 2018, tak lain agar perayaan tahunan ini dapat menjadi ajang pertukaran ide dan diskusi yang berkenaan dengan tema pariwisata, budaya dan lingkungan dengan menampilkan beragam pembicara yang kompeten di bidang masing-masing. (ant)</p>\n<p>\n	&nbsp;</p>\n', '8c093-festival-pesona-selat-lembeh-digelar-6-oktober-parade-kapal-hias-jadi-agenda-andalan..jpg', '2018-10-15 01:15:00', 25, 1, 0, 0, 0),
(19, 'Sulut Ekspor Tepung Kelapa ke Polandia', '<p>\n	MANADO - Provinsi Sulawesi Utara (Sulut) mengekspor tepung kelapa ke Polandia pada akhir September 2018.</p>\n<p>\n	&nbsp;</p>\n<p>\n	&quot;Tepung kelapa yang diekspor ke Polandia sebanyak 25 ton dengan sumbangan devisa bagi negara sebesar 41.250 dolar Amerika Serikat (AS),&quot; kata Kepala Bidang Perdagangan Luar Negeri, Dinas Perindustrian dan Perdagangan Provinsi Sulut Darwin Muksin di Manado, Selasa (9/10/2018).</p>\n<p>\n	&nbsp;</p>\n<p>\n	Darwin mengatakan, pasar Polandia sangat potensial, sehingga harus dimanfaatkan dengan baik oleh pengekspor di Sulut.</p>\n<p>\n	&nbsp;</p>\n<p>\n	Tujuan produk tepung kelapa Sulut bukan hanya negara-negara di Asia tapi juga di Eropa, Amerika dan Afrika.</p>\n<p>\n	&nbsp;</p>\n<p>\n	Dia mengatakan, tepung kelapa banyak permintaannya karena dijadikan bahan baku membuat roti dan makanan lainnya.</p>\n<p>\n	&nbsp;</p>\n<p>\n	Produksi tepung kelapa paling banyak di Kota Manado kemudian di Kabupaten Minahasa Utara, Minahasa Selatan dan Kota Bitung.</p>\n<p>\n	&nbsp;</p>\n<p>\n	&quot;Tepung kelapa merupakan produk turunan dari komoditi kelapa yang telah melalui proses sehingga menghasilkan tepung,&quot; jelasnya.</p>\n<p>\n	&nbsp;</p>\n<p>\n	Harga tepung kelapa yang relatif murah, katanya, menjadi salah satu faktor yang mampu menarik permintaan dari sejumlah negara sehingga terus meningkat.</p>\n<p>\n	&nbsp;</p>\n<p>\n	Tepung kelapa, merupakan produk hasil pengolahan lebih lanjut dari daging buah segar, yang kemudian melalui proses produksi pabrikan dihasilkan komoditas bernilai ekonomis tinggi.</p>\n<p>\n	&nbsp;</p>\n<p>\n	Sekitar enam pabrik pengolah kelapa menjadi tepung di Sulut, kesemua hasil mereka diekspor ke berbagai negara di dunia. (ant)</p>\n<p>\n	&nbsp;</p>\n', '2e4fc-tepung.jpg', '2018-10-15 01:17:00', 23, 1, 0, 0, 0),
(20, 'Mencicipi Es Krim Legendaris di Bandung', '<p>\n	BANDUNG - Kota Bandung menyuguhkan berbagai macan kuliner kekinian hingga legendaris, salah satunya adalah kuliner makanan penutup berupa ea krim yang legendaris, yakni es krim Rasa Bakery &amp; Cafe yang terletak di Jalan Tamblong No 15 Kota Bandung.</p>\n<p>\n	&nbsp;</p>\n<p>\n	Rasa Bakery &amp; Cafe adalah salah satu restoran di Kota Bandung yang sudah berdiri sejak tahun 1930an dan menjual es krim dengan rasa sensasi zaman dahulu. Restoran yang memiliki desain arsitektur kolonial Eropa ini sama sekali tidak berubah.</p>\n<p>\n	&nbsp;</p>\n<p>\n	Bangunan yang dominan dengan warna putih dan dengan interior khas rumah lama Eropa menjadikan suasana restoran terasa sejuk sehingga nyaman sebagai tempat untuk bersantap. Rasa cokelat, vanila, dan stroberi, menjadi rasa dasar yang diminati di tempat ini.</p>\n<p>\n	&nbsp;</p>\n<p>\n	Penyajian es krimnya yang tidak biasa menjadi daya tarik untuk mengundang pengunjung dan bukan saja beralaskan cone atau gelas kaca.</p>\n<p>\n	&nbsp;</p>\n<p>\n	Di sini pengunjung juga akan menemukan batok kelapa atau buah nanas sebagai alas es krim. Coconut Royale menjadi salah satu menu andalan yang paling sering dipesan.</p>\n<p>\n	&nbsp;</p>\n<p>\n	&ldquo;Penyajiannya unik soalnya, benar- benar pakai batok kelapa. Es krimnya juga dikasih tiga rasa sama ada kue dan buahnya juga. Jadi cocok aja kalo buat diupdate ke media sosial,&quot; kata salah satu pengunjung Arsy Surya.</p>\n<p>\n	&nbsp;</p>\n<p>\n	Selain menjual es krim, Rasa Bakery &amp; Cafe menjual berbagai macam makanan ringan dan makanan berat. (ant)</p>\n<p>\n	&nbsp;</p>\n', '7f359-sensasi-makan-es-krim-di-rasa-bakery-and-cafe..jpg', '2018-10-15 01:18:00', 23, 1, 0, 0, 0);
INSERT INTO `news` (`newsId`, `title`, `content`, `image`, `date`, `categoryId`, `userId`, `viewCount`, `commentCount`, `likeCount`) VALUES
(21, 'Kemenpar Promosikan Destinasi Unggulan ke Laos-Kamboja', '<p>\n	JAKARTA - Kementerian Pariwisata dan pelaku bisnis pariwisata dari Jawa Barat, Daerah Istimewa Yogyakarta, dan Bali mempromosikan destinasi wisata unggulan di Laos dan Kamboja.</p>\n<p>\n	&nbsp;</p>\n<p>\n	Asdep Pengembangan Pemasaran I Regional I Kemenpar Masruroh dalam keterangan tertulis diterima di Jakarta, Selasa (9/10/2018), menyebutkan, bahwa para pelaku bisnis pariwisata sebagai penjual melakukan pertemuan bisnis (table top) atau B to B meeting dengan para pembeli dari Laos dan Kamboja.</p>\n<p>\n	&nbsp;</p>\n<p>\n	Para penjual dari Indonesia akan menawarkan paket wisata unggulan 10 destinasi unggulan yakni Bandung, Great Bali, Great Jakarta, Great Kepri, Joglosemar (Jogja-Solo-Semarang), Wakatobi-Bunaken-Raja Ampat, Medan, Makassar, Lombok dan Banyuwangi.</p>\n<p>\n	&nbsp;</p>\n<p>\n	Ia mengatakan, kegiatan table top atau B to B meeting akan dilakukan di Lao Plaza Hotel Vientiane, Laos, pada Rabu (10/10/2018) kemudian dilanjutkan di Raffles Hotel le Royal di Phnom Penh, Kamboja pada Jumat (12/10). &quot;Kami menargetkan 30 buyers potensial di tiap negara yang dikunjungi,&quot; katanya.</p>\n<p>\n	&nbsp;</p>\n<p>\n	Masruroh sebagai pemimpin delegasi Indonesia dalam kegiatan sales mission 10 destinasi branding ke Laos dan Kamboja menjelaskan selain acara table top, juga dipresentasikan produk-produk pariwisata yang ditawarkan para sellers dari Indonesia.</p>\n<p>\n	&nbsp;</p>\n<p>\n	&quot;Pada kesempatan itu kita presentasikan Indonesia Tourism Industry Update. Acara akan diakhiri dengan dinner, clossing dance performance dan doorprize,&quot; kata Masruroh.</p>\n<p>\n	&nbsp;</p>\n<p>\n	Penyelenggaraan sales mission ini dimaksudkan untuk meningkatkan kunjungan wisatawan mancanegara (wisman) dari Laos dan Kamboja dalam mendukung target kunjungan wisman tahun 2018 sebesar 17 juta wisman dan akan meningkat menjadi 20 juta wisman pada 2019.</p>\n<p>\n	&nbsp;</p>\n<p>\n	Laos dan Kamboja sebagai negara anggota ASEAN menjadi pasar yang cukup menjanjikan. Jumlah wisatawan Kamboja yang berwisata ke luar negeri (outbound) terus meningkat.</p>\n<p>\n	&nbsp;</p>\n<p>\n	Pada 017, pertumbuhan outbound pariwisata Kamboja mencapai 19 persen atau sebanyak 1,4 juta, sedangkan yang berkunjung ke Indonesia hanya 5.463 wisman.</p>\n<p>\n	&nbsp;</p>\n<p>\n	Sementara itu jumlah wisatawan Laos yang berwisata keluar negeri sebanyak 3,05 juta sebagian besar berkunjung ke Thailand, Korea Selatan dan Jepang.</p>\n<p>\n	&nbsp;</p>\n<p>\n	Untuk menarik wisman dari Laos maupun Kamboja, Indonesia menawarkan paket wisata religi, yakni dengan mempromosikan Candi Borobudur sebagai destinasi utama mengingat mayoritas penduduk dari kedua negara itu beragama Buddha. Selain itu ditawarkan paket-paket unggulan di 10 destinasi unggulan.</p>\n<p>\n	&nbsp;</p>\n<p>\n	Sebanyak enam pelaku bisnis yang berpartisipasi dalam sales mission di Laos dan Kamboja yaitu; Chacha Tour &amp; Travel (Yogyakarta); Bali Dream (Bali beyond); Absolute Indonesia DMC (Bali beyond); Bali Flores Adventure (Bali beyond); Bhara Tours (Jawa Barat); dan Grand Keisha by Horison Hotel Jogja (Yogyakarta). (ant)</p>\n<p>\n	&nbsp;</p>\n', '63aee-kemenpar-gelar-sales-mission-ke-laos-dan-kamboja.jpg', '2018-10-15 01:19:00', 24, 1, 0, 0, 0),
(22, 'Kunjungan Wisman ke Aceh Turun 6,57 Persen', '<p>\n	BANDA ACEH - Badan Pusat Statistik (BPS) menyebutkan kunjungan wisatawan mancanegara (wisman) selama Agustus 2018 tercatat 3.088 orang atau mengalami penurunan sekitar 6,57 persen dibanding bulan sebelumnya.</p>\n<p>\n	&nbsp;</p>\n<p>\n	&quot;Di bulan Juli 2018 wisman yang datang total 3.305 orang, sementara di Agustus tahun ini cuma 3.088 orang,&quot; ujar Kepala BPS Aceh Wahyudin di Banda Aceh, Selasa (9/10/2018).</p>\n<p>\n	&nbsp;</p>\n<p>\n	Ia menyebutkan, pelancong yang masuk melalui pintu kedatangan di provinsi ujung paling barat Indonesia tersebut sudah berada diangka normal, meski terjadi penurunan.</p>\n<p>\n	&nbsp;</p>\n<p>\n	Pelancong di Agustus 2018 masih didominasi sejumlah negara yang berada di kawasan ASEAN sebanyak 2.591 orang dari total wisman, dan terbanyak dari negara jiran Malaysia 2.516 di antaranya.</p>\n<p>\n	&nbsp;</p>\n<p>\n	Disusul negara-negara di Asia tanpa ASEAN tercatat 240 orang, Eropa ada 198 orang, Amerika 32 orang, Oseania 16 orang, Timur Tengah enam orang, dan Afrika lima orang.</p>\n<p>\n	&nbsp;</p>\n<p>\n	Tetapi secara kumulatif delapan bulan terakhir tahun 2018 masih terjadi peningkatan kunjungan wisman ke provinsi berjuluk &quot;Serambi Mekkah&quot; sekitar 9,92 persen atau 22.884 turis dibanding periode yang sama di tahun 2017.</p>\n<p>\n	&nbsp;</p>\n<p>\n	&quot;Ada peningkatan rata-rata wisman setiap bulan, dari Januari hingga Agustus 2018 total sebesar 9,92 persen. Dari total 2.284 wisman di 2017 menjadi 22.884 orang di tahun ini,&quot; terang Wahyudin.</p>\n<p>\n	&nbsp;</p>\n<p>\n	Sejumlah wisatawan Negara Malaysia yang melancong ke Aceh dilaporkan mengagumi, setelah menyaksikan berbagai situs-situs peninggalan tsunami baik di Kota Banda Aceh dan Kabupaten Aceh Besar.</p>\n<p>\n	&nbsp;</p>\n<p>\n	&quot;Banyak wisatawan Malaysia mengaku takjub mendegar cerita tragedi tsunami yang melanda Aceh (26 Desember 2004), dan bahkan ada wisatawan meminta jalan-jalan ke semua situs peninggalan tsunami yang tersebar di seluruh Aceh,&quot; terang pemilik biro perjalanan Aceh-Great Wall Tour dan pemandu wisata di Aceh, Mahlizar.</p>\n<p>\n	&nbsp;</p>\n<p>\n	Pemerintah Aceh menyakini, tahun ini tingkat kunjungan wisatawan ke Aceh terus mengalami peningkatan. Melihat angka tahun 2017, ada peningkatan mencapai 2,9 juta orang terdiri 2,8 juta wisatawan nusantara (wisnus), dan 78 ribu wisman.</p>\n<p>\n	&nbsp;</p>\n<p>\n	&quot;Jumlah itu meningkat dibanding tahun 2016, yaitu 2,1 juta orang. Terdiri dari dua juta wisnus, dan 76 ribu wisman. Angka ini diprediksi terus meningkat, dan tahun ini kita menargetkan angka kunjungan wisman mencapai 100.000 orang,&quot; ujar Wakil Gubernur Aceh, Nova Iriansyah. (ant)</p>\n<p>\n	&nbsp;</p>\n', 'f1174-masjid-raya-baiturrahman.jpg', '2018-10-15 01:20:00', 24, 1, 0, 0, 0),
(23, 'Trimedya Wacanakan Pembentukan Klub Sepak Bola Batak United', '<p>\n	TARUTUNG - Untuk membangkitkan kembali animo pecinta sepakbola di wilayah Tapanuli, yang dulunya sempat tersohor dengan adanya klub Sepak Bola Harimau Tapanuli, Anggota DPR RI Trimedya Panjaitan mewacanakan akan membentuk klub sepak bola bernama Batak United.</p>\n<p>\n	&nbsp;</p>\n<p>\n	Hal itu dilontarkannya dalam sambutannya pada Hari Jadi Kabupaten Tapanuli Utara ke-73 dilapangan Serbaguna Tarutung, Jumat (5/10/2018) lalu.</p>\n<p>\n	&nbsp;</p>\n<p>\n	&quot;Saya siap mendukung pembentukan klub sepak bola profesional Batak United. Pemainnya nanti bibit handal dari kawasan Danau Toba, yakni Taput, Humbang Hasundutan, Tobasa dan Samosir,&quot; katanya.</p>\n<p>\n	&nbsp;</p>\n<p>\n	Wakil Ketua Komisi III DPR RI itu melihat ada potensi hadirnya klub sepak bola di wilayah Tapanuli, dan melalui klub sepak bola ini dapat juga mempromosikan Kabupaten pinggiran Danau Toba.</p>\n<p>\n	&nbsp;</p>\n<p>\n	&quot;Sedangkan Bali United ada, PSDS Deli Serdang, PSMS Medan, dulu Harimau Tapanuli klub sepak bola sempat berjaya,&quot; kata Politisi PDIP tersebut.</p>\n<p>\n	&nbsp;</p>\n<p>\n	Trimedya yakin dengan penjaringan bibit yang handal, etnis Tapanuli bisa menghadirkan pemain bola yang tangguh. &quot;Orang Batak terkenal cerdas, kuat dan terampil bahkan bisa ditempa serta dipoles. Masa dari jumlah penduduk dari empat Kabupaten tidak bisa kita dapatkan anak-anak muda mengisi klub sepak bola itu,&quot; ungkapnya.</p>\n<p>\n	&nbsp;</p>\n<p>\n	&quot;Bermodalkan itu saja sudah bisa, Saya siap mendukung apalagi saat ini Presiden Joko Widodo begitu intens dengan pembinaan prestasi bagi olahragawan, itu sudah kita saksikan di ajang Asian Games kemarin,&quot; tukasnya. (als)</p>\n<p>\n	&nbsp;</p>\n', '26c04-batak-united.jpg', '2018-10-15 01:24:00', 26, 1, 1, 0, 0),
(24, 'Sukabumi Jadi Tuan Rumah Kejurnas Offroad', '<p>\n	SUKABUMI - Kabupaten Sukabumi, Jawa Barat, ditunjuk menjadi tuan rumah kejuaraan nasional offroad yang akan diselenggarakan pada 21 September di Kecamatan Cikembar.</p>\n<p>\n	&nbsp;</p>\n<p>\n	&quot;Lokasi yang dijadikan tempat terselenggaranya kejurnas offroad tersebut di lahan milik PT Bogor Indo tepatnya di Kampung/Desa Cimanggu,&quot; kata Camat Cikembar Arif Solihin di Sukabumi, Selasa (9/10/2018).</p>\n<p>\n	&nbsp;</p>\n<p>\n	Menurutnya, rencananya kejurnas tersebut akan diikuti sekitar 500 pecinta olah raga otomotif yang berasal dari berbagai provinsi di Indonesia.</p>\n<p>\n	&nbsp;</p>\n<p>\n	Dipilihnya Kabupaten Sukabumi menjadi lokasi kerjurnas itu digagas Pengurus Daerah Ikatan Motor Indonesia (IMI) Kabupaten Sukabumi dan Pengurus Besar IMI serta bekerja sama dengan Pemerintah Kabupaten Sukabumi.</p>\n<p>\n	&nbsp;</p>\n<p>\n	Selain itu, untuk dana yang digunakan dalam penyelenggaraan event bertaraf nasional tersebut seluruhnya ditanggung IMI dan sponsor, sehingga Pemkab Sukabumi hanya sebatas menyediakan tempatnya saja.</p>\n<p>\n	&nbsp;</p>\n<p>\n	Masyarakat Cikembar khususnya Desa Cimanggu pun sudah mempersiapkan segala sesuatunya untuk menyambut Kejurnas Offroad tersebut seperti memanfaatkan event ini untuk dijadikan ladang usaha dadakan.</p>\n<p>\n	&nbsp;</p>\n<p>\n	&quot;Kami yakin bisa menjadi tuan rumah yang baik, bahkan walaupun waktunya masih dua pekan lagi, masyarakat di Kecamatan Cikembar antusias menyambutnya dan diharapkan bisa menjadi hiburan,&quot; tambahnya.</p>\n<p>\n	&nbsp;</p>\n<p>\n	Di sisi lain, Arif mengatakan, dengan diselenggarakannya Kejurnas Offroad di Kecamatan Cikembar ini juga akan dimanfaatkan pihaknya, dalam mengenalkan potensi daerah yang dipimpinnya mulai dari tempat wisata maupun produk asli warga.</p>\n<p>\n	&nbsp;</p>\n<p>\n	Bahkan, keberadaan Geopark Ciletuh Palabuhanratu bisa ikut terpromosikan dengan adanya acara tersebut, karena yang datang kemungkinan tidak hanya dari dalam negeri saja, tetapi luar negeri pun diharapkan ada. (ant)</p>\n<p>\n	&nbsp;</p>\n', '573f2-offroad.jpg', '2018-10-15 01:26:00', 26, 1, 0, 0, 0),
(25, 'Menko PMK: Penyerapan dan Penggunaan Dana Desa Semakin Baik ', '<p>\n	JAKARTA - Menteri Koordinator Bidang Pembangunan Manusia dan Kebudayaan (Menko PMK) Puan Maharani menegaskan, penyerapan dan penggunaan dana desa semakin baik sehingga mampu meningkatkan pemberdayaan desa.</p>\n<p>\n	&nbsp;</p>\n<p>\n	&quot;Peningkatan penyerapan (penggunaan dana desa) ini menunjukkan bahwa tata kelola sudah semakin lebih baik dan pendamping desa sudah semakin memahami apa yang diinginkan oleh rakyat,&quot; kata Menko PMK Puan Maharani, Jakarta, Selasa (9/10/2018).</p>\n<p>\n	&nbsp;</p>\n<p>\n	Pernyataan Menko PMK tersebut disampaikan dalam kunjungan kerjanya ke Provinsi Sumatera Utara, untuk menghadiri rapat koordinasi pengendalian program pembangunan dan pemberdayaan masyarakat desa di aula pertemuan Kantor Bupati Deli Serdang.</p>\n<p>\n	&nbsp;</p>\n<p>\n	Menko PMK menjelaskan, pemerintah melakukan berbagai upaya untuk meningkatkan pendampingan dan pengawasan program pemberdayaan desa, yang diantaranya melalui peningkatan kualitas rekrutmen pendamping desa, kerja sama formal dengan kepolisian, kejaksaan, dan beberapa kementerian terkait, peningkatan partisipasi masyarakat, dan kapasitas pendamping desa dengan pelatihan-pelatihan.</p>\n<p>\n	&nbsp;</p>\n<p>\n	Melalui upaya tersebut penyerapan dan kualitas penggunaan dana desa terus meningkat. Di tahun 2016 sudah meningkat menjadi 97.65 persen dan di tahun 2017 meningkat lagi menjadi 98.54 persen.</p>\n<p>\n	&nbsp;</p>\n<p>\n	&quot;Peningkatan penyerapan ini menunjukkan bahwa tata kelola sudah semakin lebih baik dan pendamping desa sudah semakin memahami apa yang diinginkan rakyat,&quot; ujar Menko PMK.</p>\n<p>\n	&nbsp;</p>\n<p>\n	Dalam sambutannya, Menko PMK memaparkan, pelaksanaan dana desa telah memasuki tahun yang ke-4. Pemerintah juga terus meningkatkan alokasi dana desa dari tahun ke tahun.</p>\n<p>\n	&nbsp;</p>\n<p>\n	Tahun 2015 sebesar Rp20.67 triliun, tahun 2016 menjadi Rp46,98 triliun, tahun 2017 meningkat lagi menjadi Rp60 triliun dan di tahun 2018 tetap sebesar Rp60 triliun. &quot;Tahun 2019, Insya Allah akan ditingkatkan kembali menjadi Rp73 triliun,&quot; kata Puan. (ant)</p>\n<p>\n	&nbsp;</p>\n', '35b59-menko-pmk-puan-maharani.jpg', '2018-10-15 04:27:00', 2, 1, 0, 0, 0),
(26, 'Pansus Akan Perjuangkan RUU Daerah Kepulauan ', '<p>\n	JAKARTA - Panitia Khusus Rancangan Undang Undang tentang Daerah Kepulauan (Pansus RUU Daerah Kepulauan) akan memperjuangkan RUU Daerah Kepulauan sampai disetujui menjadi undang-undang.</p>\n<p>\n	&nbsp;</p>\n<p>\n	Anggota Pansus RUU Daerah Kepulauan DPR RI, Vanda Sarundajang mengatakan hal itu di Gedung MPR/DPR/DPD RI, Jakarta, Selasa (9/10/2018).</p>\n<p>\n	&nbsp;</p>\n<p>\n	Vanda yang berasal dari Fraksi PDI Perjuangan menegaskan, fraksinya memberikan dukungan penuh dan akan mengawal pembahasan RUU Daerah Kepulauan sampai tuntas.</p>\n<p>\n	&nbsp;</p>\n<p>\n	Menurut Vanda, RUU Daerah Kepulauan harus berlandaskan azas &quot;archipelago principle&quot;, kepastian hukum, desentralisasi keadilan, kearifan lokal, akuntabilitas, transparan, serta partisipasi masyarakat yang berkelanjutan untuk mengatasi kesenjangan pembangunan antardaerah berbasis kontinental dan kepulauan dalam bingkai Negara Kesatuan Republik Indonesia.</p>\n<p>\n	&nbsp;</p>\n<p>\n	Anggota DPR RI dari daerah pemilihan Sulawesi Utara ini mengatakan, sejumlah isu-isu krusial yahg terkait seperti perhitungan dana, perimbangan pusat dan daerah, kewenangan pengelolaan sumber daya alam laut, dan isu krusial lainnya, agar dapat dibahas dalam semangat persatuan keadilan, untuk mencapai kesejahteraan dan kemakmuran bangsa.</p>\n<p>\n	&nbsp;</p>\n<p>\n	Menurut dia, Fraksi PDI Perjuangan DPR RI juga mendorong Pemerintah untuk mengkaji dan menelaah RUU Daerah Kepulauan dengan seksama dan sungguh-sungguh, dengan menakar keseriusan permasalahan yang dihadapi sejumlah daerah kepulauan secara substantif dan obyektif, yakni mengukur urgensi dan kepatutan.</p>\n<p>\n	&nbsp;</p>\n<p>\n	&quot;Sesuai dengan tanggung jawab, Negara harus hadir untuk mengatasi berbagai ketimpangan pembangunan di daerah kepulauan dan pada akhirnya dapat merespon secara positif dan akuntabel keseluruhan pembahasan RUU Daerah Kepulauan, sampai disetujui menjadi undang-undang,&rdquo; kata dia.</p>\n<p>\n	&nbsp;</p>\n<p>\n	Fraksi PDI Perjuangan, kata dia, juga menyampaikan penghargaan yang setinggi-tingginya kepada DPD RI yang telah membahas dan mengusulkan RUU Daerah Kepulauan, sehingga masuk dalam mekanisme legislasi nasional.</p>\n<p>\n	&nbsp;</p>\n<p>\n	&quot;RUU Daerah Kepulauan untuk selanjutnya akan dibahas sesuai mekanisme dan peraturan perundang-undangan yang berlaku dan kemudian disetujui menjadi undang-undang,&quot; ujar dia.</p>\n<p>\n	Sebelumnya, Senin (8/9/2018) Pansus RUU Daerah Kepulauan menyelenggarakan rapat Pansus dengan agenda mendengarkan pandangan dari fraksi-fraksi di DPR RI. (ant)</p>\n<p>\n	&nbsp;</p>\n', 'db063-vanda-sarundajang.jpg', '2018-10-15 04:32:00', 2, 1, 1, 0, 0),
(27, 'Panglima: TNI Selalu Menjadi Pemersatu Bangsa ', '<p>\n	JAKARTA - Panglima TNI Marsekal Hadi Tjahjanto menegaskan, TNI akan selalu menjadi pemersatu bangsa, sehingga diharapkan TNI akan selalu solid memberikan yang terbaik bagi Indonesia.</p>\n<p>\n	&nbsp;</p>\n<p>\n	&quot;Harapannya TNI akan selalu solid, termasuk dalam menjaga netralitas dan menjamin kesuksesan Pemilu 2019. TNI akan selalu menjadi pemersatu bangsa,&quot; kata Panglima TNI pada acara &quot;Gala Dinner&quot; dalam rangka syukuran HUT Ke-73 TNI, di GOR A Yani, Mabes TNI Cilangkap, Jakarta Timur, Senin (8/10/2018) malam.</p>\n<p>\n	&nbsp;</p>\n<p>\n	Beberapa catatan pencapaian TNI terkini di antaranya kesuksesan pengamanan Pilkada Serentak 2018, pengamanan Asian Games XVIII 2018, operasi perdamaian dunia dengan target pengerahan 4.000 prajurit, penanganan bencana alam di berbagai daerah, dan pencapaian pembangunan minimum essential force 62 persen dari target pemenuhannya pada 2024.</p>\n<p>\n	&nbsp;</p>\n<p>\n	Menurut Hadi, berbagai pencapaian tersebut tidak lepas dari sinergi dengan stakeholder lainnya, terutama Kepolisian Negara Republik Indonesia (Polri).</p>\n<p>\n	&nbsp;</p>\n<p>\n	&quot;Saya mengucapkan penghargaan yang tulus kepada Kapolri Jenderal Tito Karnavian beserta jajarannya atas kerja sama yang telah terjalin dengan sangat baik,&quot; ujar dia.</p>\n<p>\n	&nbsp;</p>\n<p>\n	Pada kesempatan tersebut, Panglima TNI mengajak untuk sejenak memanjatkan doa kepada Tuhan Yang Maha Kuasa agar meringankan beban yang menimpa saudara-saudara kita di Palu, Donggala, Parigi Moutong, dan Lombok.</p>\n<p>\n	&nbsp;</p>\n<p>\n	&quot;Semoga Allah SWT memberi kekuatan dan kesabaran kepada masyarakat yang terdampak bencana, sehingga dapat segera bangkit dan menjalani aktivitas kehidupannya seperti sediakala. Semoga pula apa yang kita kerjakan untuk membantu, dapat meringankan beban saudara-saudara kita tersebut,&quot; kata mantan Kepala Staf TNI Angkatan Udara (KSAU) itu.</p>\n<p>\n	&nbsp;</p>\n<p>\n	Marsekal Hadi mengatakan bahwa para prajurit TNI bersama berbagai komponen bangsa lainnya merespons dengan berupaya untuk secara cepat hadir di setiap tempat yang terdampak bencana.</p>\n<p>\n	&nbsp;</p>\n<p>\n	&quot;Kami juga selalu mengerahkan segenap kemampuan baik personel maupun alutsista untuk melakukan penyelamatan, evakuasi, penyaluran bantuan, pengamanan, rehabilitasi dan berbagai tindakan lainnya yang diperlukan,&quot; ujarnya.</p>\n<p>\n	&nbsp;</p>\n<p>\n	Selanjutnya, Marsekal TNI Hadi Tjahjanto menyampaikan bahwa gala dinner ini, juga merupakan bentuk apresiasi atas segala dedikasi dan dasar yang telah diletakkan oleh para sesepuh dan pendahulu TNI yang telah mengantar dan membangun TNI hingga menjadi profesional.</p>\n<p>\n	&nbsp;</p>\n<p>\n	Selain itu, Panglima TNI menyampaikan rasa bangga dan penghargaan yang tulus kepada seluruh prajurit TNI dimana pun berada dan bertugas.</p>\n<p>\n	&nbsp;</p>\n<p>\n	&quot;Kalian telah menunjukkan jati diri prajurit TNI yang sejati. Pengorbanan kalian beserta keluarga telah memberi rasa aman bagi rakyat dan akan bernilai ibadah di mata Tuhan,&quot; katanya.</p>\n<p>\n	&nbsp;</p>\n<p>\n	Dia mengajak, dengan segala kemampuan yang dimiliki, tetaplah senantiasa menjadi prajurit yang rendah hati dan dekat dengan rakyat karena profesionalisme TNI semata-mata untuk rakyat.</p>\n<p>\n	&nbsp;</p>\n<p>\n	Turut hadir pada acara tersebut, di antaranya Kasad Jenderal Mulyono, Kasal Laksamana Siwi Sukma Adji, Kasau Marsekal Yuyu Sutisna, Pangkostrad Letjen Andika Perkasa, Kasum TNI Laksdya Dr Didit Herdiawan, dan Wakapolri Komjen Aridono Sukmanto.</p>\n<p>\n	&nbsp;</p>\n<p>\n	Para sesepuh TNI yang hadir, di antaranya Jenderal (Purn) Try Sutrisno, Menko Polhukam Jenderal (Purn) Wiranto, para mantan Panglima TNI dan kepala staf angkatan. (ant)</p>\n<p>\n	&nbsp;</p>\n', '4abaf-panglima-tni-marsekal-hadi-tjahjanto..jpg', '2018-10-15 04:32:00', 2, 1, 0, 0, 0),
(28, 'Wapres: Jadi Pemimpin Harus Lebih Pintar ', '<p>\n	JAKARTA - Wakil Presiden Jusuf Kalla mengatakan para pemimpin di kalangan kantor pemerintahan harus lebih pintar daripada anak buahnya sehingga mampu memimpin sesuai dengan perkembangan situasi terkini.</p>\n<p>\n	&nbsp;</p>\n<p>\n	&quot;Jadi pemimpin itu harus lebih pintar, bijaksana dan mengayomi anak buahnya. Artinya anda harus lebih pintar dari anak buah, mengetahui lebih daripada anak buah. Anda tidak bisa memimpin hanya berdasarkan selembar kertas SK (surat keputusan, red.),&quot; kata Wapres saat memberikan Pembekalan Pelatihan Kepemimpinan Nasional (PKN) Tingkat I Angkatan XXXVIII dan XL di Istana Wapres Jakarta, Senin (8/10/2018).</p>\n<p>\n	&nbsp;</p>\n<p>\n	Gaya kepemimpinan yang &quot;tunduk kepada atasan&quot; saat ini perlahan mulai berganti menjadi demokratis, di mana ketika anak buah tidak sepakat dengan pendapat atasannya maka dapat mengutarakan opini untuk perubahan lebih baik.</p>\n<p>\n	&nbsp;</p>\n<p>\n	Bahkan, lanjut JK, apabila ada anak buah yang tidak suka dengan atasan, mereka bisa saja mengunggah ekspresi tersebut ke media sosial dengan mudah. Akibatnya, melalui keterbukaan informasi tersebut maka dapat muncul penilaian masyarakat yang sangat cepat terjadi.</p>\n<p>\n	&nbsp;</p>\n<p>\n	&quot;(Sekarang) Kalau anak buah tidak suka, dia bikin di media sosial macam-macam, gampang saja semua orang tahu. Kalau ada yang menyeleweng, yang korup, maka langsung muncul di mana-mana. Jadi terjadi perubahan-perubahan,&quot; ujar dia.</p>\n<p>\n	&nbsp;</p>\n<p>\n	Wapres juga mendorong para pemimpin dan pejabat birokrasi, baik di pusat maupun daerah, untuk terbuka dalam melaksanakan tugasnya, sehingga tercipta gaya kepemimpinan politis demokratis dan terbuka secara otonomi.</p>\n<p>\n	&nbsp;</p>\n<p>\n	&quot;Perubahan-perubahan itu harus dilakukan, perubahan kepada alam politik lebih demokratis dan terbuka secara otonomi, menyebabkan kepemimpinan itu harus berubah. Tidak bisa lagi mengatakan &#39;saya atasan, you mesti ikut sama saya&#39;, tidak bisa lagi,&quot; jelasnya.</p>\n<p>\n	&nbsp;</p>\n<p>\n	Untuk itu, Wapres berharap para peserta PKN Tingkat I Lembaga Ketahanan Nasional (Lemhanas) dapat menerapkan pengetahuan terkini sehingga dapat mengikuti perubahan dalam gaya kepemimpinan masa kini. (ant)</p>\n<p>\n	&nbsp;</p>\n', 'd908e-wakil-presiden-jusuf-kalla.jpeg', '2018-10-15 04:33:00', 2, 1, 1, 0, 0),
(29, 'Presiden Jokowi Direncanakan Hadiri Gerakan Nasional Revolusi Mental ', '<p>\n	MANADO - Presiden Joko Widodo direncanakan menghadiri acara Bulan Pemantapan Gerakan Nasional Revolusi Mental (BP-GNRM) dilaksanakan di Manado, Sulawesi Utara (Sulut) akhir Oktober 2018.</p>\n<p>\n	&nbsp;</p>\n<p>\n	&quot;Presiden direncanakan menghadiri puncak kegiatan BP-GNRM sekaligus membuka Pekan Kerja Nyata Revolusi Mental,&quot; kata Asisten Bidang Pemerintahan dan Kesejahteraan Rakyat Pemprov Sulut Edison Humiang di Manado, Selasa (9/10/2018).</p>\n<p>\n	&nbsp;</p>\n<p>\n	Pemerintah daerah, lanjut dia, terus mematangkan persiapan kegiatan ini termasuk rencana kedatangan Presiden.</p>\n<p>\n	&nbsp;</p>\n<p>\n	Panitia daerah mempersiapkan lokasi yang menjadi pusat kosentrasi kedatangan Presiden serta rombongan di tiga tempat seperti lapangan KONI, &quot;Manado Convention Center&quot; dan &quot;Manado Town Square&quot;. &quot;Tema pekan kerja nyata revolusi mental yaitu revolusi mental untuk Indonesia satu, mandiri dan melayani,&quot; katanya.</p>\n<p>\n	&nbsp;</p>\n<p>\n	Humiang menjelaskan, beberapa agenda kegiatan pada pelaksanaan kegiatan tersebut yaitu &quot;Gerakan Indonesia Melayani&quot;, Gerakan Indonesia Bersih&quot; (9 Oktober), &quot;Gerakan Indonesia Tertib&quot; (18 Oktober), &quot;Gerakan Indonesia Mandiri&quot; (19 Oktober) dan &quot;Gerakan Indonesia Bersatu&quot; (20 Oktober).</p>\n<p>\n	&nbsp;</p>\n<p>\n	Sementara pada acara puncak pada 26 Oktober diagendakan forum dialog bela negara, forum dialog pembaruan kebangsaan, pembukaan PKN-Revmen, pemutaran film dan bedah film, seminar tentang adat dan kepercayaan, rembuk nasional (lima gerakan).</p>\n<p>\n	&nbsp;</p>\n<p>\n	Selanjutnya, pameran inovasi pelayanan publik dan inovasi kreatif anak bangsa, pementasan seni dan budaya daerah dan kontemporer serta karnaval budaya. &quot;Persiapan demi persiapan terus dimatangkan sehingga diharapkan kegiatan ini bisa berlangsung sukses,&quot; kata dia. (ant)</p>\n<p>\n	&nbsp;</p>\n', '2e8ce-presiden-joko-widodo-saat-pidato-di-usu..jpg', '2018-10-15 04:34:00', 2, 1, 1, 0, 0),
(30, 'Masyarakat Simalungun Desak Penanganan Jalan Longsor', 'SIMALUNGUN - Masyarakat di Kecamatan Tanah Jawa, Kabupaten Simalungun, Sumatera Utara dan pengguna jalan mendesak akses transportasi yang longsor segera ditangani Pemerintah.\n\n&nbsp;\n\nDhani (45), Nagori (Desa) Marubun Jaya, Senin (15/10/2018), mengkhawatirkan penanganan yang lamban, berdampak semakin meluasnya ruas jalan yang terkikis, sehingga transportasi putus total.\n\n&nbsp;\n\nRuas jalan yang terjadi karena bencana alam itu juga bisa berdampak pada keselamatan pengendara, khususnya malam hari yang penerangan kurang dan terbatasnya stamina petugas pengatur jalan.\n\n&nbsp;\n\nDikatakan, jalan tersebut longsor pada 10 Oktober 2018 akibat hujan deras sepanjang malam, dan sebelymnya tahun 2012.\n\n&nbsp;\n\nInfrastruktur itu merupakan jalan lintas terdekat menuju ke Kota Pematangsiantar, pusat aktivitas dan transaksi hasil bumi dari masyarakat Kecamatan Tanah Jawa.\n\n&nbsp;\n\nPemerintah melalui instansi terkait juga diminta untuk menertibkan kendaraan yang melintas sesuai kapasitas atau kemampuan daya tahan ruas jalan guna mengantisipasi longsor susulan.\n\n&nbsp;\n\nMeski di ujung ruas jalan yang longsor dicantumkan kapasitas untuk berat maksimum delapan ton, tetapi masih terlihat dilintasi mobil besar.\n\n&nbsp;\n\nMasyarakat sekitar yang dilibatkan dalam penjagaan dan pengaturan arus lalu lintas selama 24 jam dengan sistem buka tutup, tidak peduli.\n\n&nbsp;\n\nKepala Dinas Perhubungan Kabupaten Simalungun, Ramadhani Purba menegaskan, ruas jalan tersebut hanya untuk kendaraan roda dua dan empat ukuran kecil, pribadi dan angkutan umum. &quot;Untuk sementara, kendaraan besar tidak dibenarkan melintas,&quot; katanya. (ant)\n', '4a11c-tanah-longsor-di-simalungun.jpg', '2018-10-16 14:46:23', 4, 1, 0, 0, 0),
(31, 'Pemkot Gunungsitoli Didorong Peduli Penyandang Disabilitas Mental', 'GUNUNG SITOLI - Pemerintah Kota (Pemkot) Gunungsitoli, Sumatera Utara, didorong untuk lebih peduli dan memperhatikan penyandang disabilitas mental yang berkeliaran di Kota Gunungsitoli yang keberadaannya selama ini jauh dari perhatian.\n\n&nbsp;\n\n&quot;Kita berharap Pemkot Gunungsitoli melalui dinas sosial mengambil sikap untuk pemulihan para penyandang disabilitas mental yang berkeliaran di kota itu,&quot; kata Koordinator Peduli Para Penyandang Disabilitas Mental setempat Paulus Sohahau Lase di Gunungsitoli, Senin (15/10/2018).\n\n&nbsp;\n\nKetika ditemui saat membagi makanan kepada penyandang disabilitas mental di Kota Gunungsitoli, ia mengaku setiap hari memberi jatah makan siang dan malam 11 orang penyandang disabilitas mental di Kota Gunungsitoli.\n\n&nbsp;\n\nAksi sosial peduli tersebut telah dilakukan sejak November 2016 di kota tersebut. &quot;Dulu penyandang disabilitas yang kita beri makan di Kota Gunungsitoli ada 16 orang, tetapi kini tinggal 11 orang&quot;, ungkapnya.\n\n&nbsp;\n\nBiayai makan penyandang disabilitas mental di Kota Gunungsitoli, mencapai Rp 300 ribu perhari atau Rp9 juta setiap bulan. Selain di Kota Gunungsitoli, pemberian makan penyandang disabilitas mental juga dilakukan di Nias Selatan, Sumatera Utara.\n\n&nbsp;\n\nUntuk Nias Sealatan, biaya makan penyandang disabilitas mental mencapai Rp12 juta perbulan. &quot;Untuk membagi makanan para penyandang disabilitas memtal di Gunungsitoli, kita membayar honor seorang pekerja sebesar Rp1,5 juta setiap bulan&quot;, lanjutnya.\n\n&nbsp;\n\nDana untuk memberi makan penyandang disabilitas mental di Kota Gunungsitoli dan Nias Selatan diberikan mantan Bupati Nias Selatan, Idealisman Dachi.\n\n&nbsp;\n\n&quot;Pemberian makan para penyandang disabilitas di Kota Gunungsitoli dan Nias Selatan murni karena rasa iba dan peduli, karena kita melihat mereka terlantar dan tidak ada yang memberi makan&quot;, terang Paulus.\n\n&nbsp;\n\nSebelumnya Kadis Sosial Kota Gunungsitoli, Asieli Zega mengakui jika banyak penyandang disabilitas mental yang berkeliaran di Kota Gunungsitoli.\n\n&nbsp;\n\nNamun hanya sebagian kecil yang sudah ditangani Dinas Sosial dan dititip di panti rehabilitas untuk pemulihan. Sedangkan untuk menangani yang masih berkeliaran, Asieli mengaku jika Dinas Sosial terkendala anggaran. (ant)\n', '73be8-pemko-gunungsitoli-urus-warga-penyandang-disabilitas.jpg', '2018-10-16 15:01:12', 4, 1, 0, 0, 0),
(32, '"Batik Kito" Diminati Pengunjung TTG', 'TANJUNGBALAI - &quot;Batik Kito&quot; produk unggulan daerah Kota Tanjungbalai banyak diminati pengunjung pameran Teknologi Tepat Guna (TTG) tingkat Provinsi Sumatera Utara di Kota Tebing Tinggi yang dibuka Gubernur setempat, Edi Rahmayadi.\n\n&nbsp;\n\nKepala Dinas Pemberdayaan dan Perempuan Kota Tanjungbalai, Darul Yana Siregar dihubungi dari Tanjungbalai, Senin (15/10/2018) mengatakan, Jambore TTG XVIII diikuti Kabupaten/Kota se-Sumatera Utara, menampilkan produk inovatif dan unggulan daerah.\n\n&nbsp;\n\n&quot;Alhamdulillah, &quot;Batik Kito&quot; mendapat perhatian dan antusias dari pengunjung. Produksi Dekranasda Kota Tanjungbalai ini juga mendapat perhatian serius dari Gubernur Sumatera Utara,&quot; katanya.\n\n&nbsp;\n\nDarul menjelaskan, selain Batik Kito, pihaknya menampilkan berbagai produk inovatif dan unggulan Kota Tanjungbalai, yakni alat pembuat terasi, bengkel las keliling, kerajinan tangan berbahan baku kulit kerang dan batok kelapa.\n\n&nbsp;\n\nSejak dibuka pada Minggu (14/10), stand Jambore TTG XVIII Kota Tanjungbalai banyak dikunjungi dan dibeli pengunjung dari berbagai daerah di Sumatera Utara.\n\n&nbsp;\n\n&quot;Produk yang ditampilkan seperti Batik Kito, kerajinan tas berbahan batok kelapa dan kerajinan tangan kulit kerang paling laris manis. Semua hampir habis terjual, sisanya tinggal sedikit,&quot; ujar Darul.\n\n&nbsp;\n\nIa menambahkan, kita patut bersyukur produk Kota Tanjungbalai yang ditampilkan kali ini mendapat respon yang positif dari masyarakat Sumatera Utara.\n\n&nbsp;\n\nDiharapkan prodak unggulan Kota Tanjungbalai ini bisa ditampilkan dalam kegiatan TTG Nasional yang akan berlangsung di Bali pada 19 Oktober 2018. (ant)\n', '64ab5-walikota-tanjungbalai-m-syahrial-dan-istri-ny-hj-sri-silvisa-novita-muhammad-syahrial-menunjukkan-batik-khas-tanjungbalai..jpg', '2018-10-16 15:02:30', 4, 1, 0, 0, 0),
(33, 'Nilai Ekspor Karet Sumut Turun 21,45 Persen', 'MEDAN - Nilai ekspor karet dan barang dari karet Sumatera Utara di tahun 2018 hingga Agustus turun 21,45 persen dibandingkan periode sama 2017 atau tinggal 814, 101 juta dolar AS.\n\n&nbsp;\n\n&quot;Pada periode sama 2017, nilai ekspor karet dan barang dari karet Sumut masih bisa 1,036 miliar dolar AS,&quot;ujar Kepala Badan Pusat Statistik (BPS) Sumut, Syech Suhaimi di Medan, Minggu (14/10/2018).\n\n&nbsp;\n\nPenurunan nilai ekspor karena volume dan harga ekspor karet dan barang dari karet Sumut itu menurun. Penurunan terjadi karena krisis global yang masih berlangsung dan termasuk dampak gejolak naiknya dolar AS.\n\n&nbsp;\n\nEkspor karet dan barang dari karet Sumut mengalami penurunan hampir ke semua negara tujuan. Ekspor ke AS misalnya turun 12, 23 persen menjadi 167, 892 juta dolar AS dari periode sama di 2017 yang 191,293 juta dolar AS. Ekspor ke Jepang turun 15,10 persen atau tinggal 143,332 juta dolar AS.\n\n&nbsp;\n\nSekretaris Eksekutif Gabungan Perusahaan Karet Indonesia atau Gapkindo Sumut, Edy Irwansyah mengatakan, harga ekspor karet memang masih tren melemah akibat permintaan yang menurun.\n\n&nbsp;\n\nAkibat permintaan dan harga ekspor melemah, maka katanya jelas secara total devisa dari karet dan barang dari karet Sumut melemah. Permintaan dan harga yang tren turun itu diprediksi berlanjut hingga akhir 2018. (ant)\n', '548dc-ilustrasi-petani-sumut-saat-memanen-hasil-karet.jpg', '2018-10-16 15:03:29', 4, 1, 0, 0, 0),
(34, 'Kerusakan Bangunan Akibat Banjir Mandailing Natal Didata', 'MEDAN - Kerusakan bangunan akibat banjir bandang dan tanah longsor di 11 kecamatan di Kabupaten Mandailing Natal, Provinsi Sumatera Utara, saat ini masih dalam pendataan, kata Kepala Badan Penanggulangan Bencana Daerah (BPBD) Kabupaten Mandailing Natal Muhammad Yasir.\n\n&nbsp;\n\n&quot;Tim BPBD masih terus bekerja untuk melakukan penghitungan kerugian akibat banjir tersebut,&quot; katanya ketika dihubungi dari Medan, Minggu (14/10/2018).\n\n&nbsp;\n\nPendataan antara lain meliputi kerusakan rumah warga dan bangunan lainnya akibat fenomena alam di sejumlah kecamatan di kabupaten itu.\n\n&nbsp;\n\n&quot;Banjir bandang di Kecamatan Ulu Pungkut, 12 rumah warga hanyut dan rusak total, serta sembilan rumah rusak berat,&quot; ujar Yasir.\n\n&nbsp;\n\nIa mengatakan, tiga fasilitas umum di Desa Muara Saladi berupa poliklinik desa, gedung SD Negeri 235, dan gedung PKK rusak.\n\n&nbsp;\n\nJumlah korban meninggal dunia tercatat 17 orang, yakni 12 pelajar SD di Kecamatan Ulu Pungkut dan tiga pekerja gorong-gorong jalan di Kecamatan Mura Batang Gadis.\n\n&nbsp;\n\n&quot;Dua orang mengalami kecelakaan mobil dan masuk ke Sungai Aek Batang Gadis, saat terjadinya banjir,&quot; ucap dia.\n\n&nbsp;\n\nYasir menjelaskan, dua korban meninggal dunia yang ditemukan di dalam mobil yang tercebur ke Sungai Aek Batang Gadis, adalah pegawai PT Bank Sumut dan anggota Polri yang tengah melakukan pengawalan.\n\n&nbsp;\n\nSebanyak 12 korban meninggal dunia di Desa Muara Saladi, Kecamatan Ulu Pungkut, yakni Mutiah (12), Aisyah (12), Soifah (12), Rian Syahputra (10), Ahidan (10), Isnan (10), Tiara (10), Dahleni (10), Masitoh (9), Alfisyahri (9), Habsoh (9), dan Israil (9).\n\n&nbsp;\n\nDari jumlah 29 anak SD Negeri 235 yang diterjang banjir bandang di Desa Muara Saladi, Jumat (12/10) sore, 17 orang berhasil diselamatkan, yakni Tasya Amaelia (12), Abel (12), dan Lusiana (22).\n\n&nbsp;\n\nSelain itu, Sobbiah (12), Sulton (11), Jibril Saukani (11), Solehuddin (11), Ahaddin (11), Raihansyah (11), Risdah (11), Jufriadi (10), Mujiburrohman (10), Annasofa (10), Khoirunissa (10), Putri (9), Nabila (9), dan Adawiyah (9). (ant)\n', '7c708-mandailing-natal-banjir-jalan-dan-rumah-amblas-.jpg', '2018-10-16 15:04:07', 4, 1, 0, 0, 0),
(35, 'Wagub Jabar: Komunikasi Tentukan Kesuksesan Seseorang', 'BANDUNG - Wakil Gubernur Jawa Barat Uu Ruzhanul Ulum mengatakan komunikasi bisa menjadi penentu kesuksesan seseorang dalam kehidupannya.\n\n&nbsp;\n\nKesuksesan yang dimaksud telah dibuktikannya saat berlaga di kontestasi di Pemilihan Gubernur dan Wakil Gubernur Jawa Barat 2018.\n\n&nbsp;\n\n&quot;Komunikasi adalah hal yang penting dalam berbagai suasana, seseorang bisa sukses kalau komunikasinya baik dan kalau saya dulu tidak menjalin komunikasi yang baik, yang intens dengan Kang Emil, mungkin saya tidak akan dipilih Kang Emil di Pilgub Jabar,&quot; kata Uu Ruzhanul Ulum saat membuka Konferensi Nasional Komunikasi 2018 yang diadakan Ikatan Sarjana Komunikasi Indonesia (ISKI) di Kota Bandung, Senin (15/10/2018).\n\n&nbsp;\n\nDia mengatakan perkembangan teknologi saat ini sangat pesat, terutama di bidang informasi komunikasi dan pesatnya perkembangan teknologi ini seperti dua sisi mata uang yakni ada dampak positif dan negatif.\n\n&nbsp;\n\n&quot;Alat komunikasi semakin canggih, teknologi yang dihadirkan semakin beragam dan memudahkan aktivitas kita, tapi kita harus siap dengan dampak yang ditimbulkan, baik itu dampak positif atau negatifnya,&quot; kata dia.\n\n&nbsp;\n\nSalah satu dampak negatif dari perkembangan teknologi informasi dan komunikasi adalah munculnya hoax atau berita bohong di ranah media sosial.\n\n&nbsp;\n\n&quot;Pada kesempatan ini saya mengajak kita semua untuk meminimalisir sisi negatif dari perkembangan informasi dan komunikasi dan mengoptimalkan sisi positifnya,&quot; kata dia.\n\n&nbsp;\n\nSelain itu, Wagub Jawa Barat juga berharap pelaksanaan Konferensi Nasional Komunikasi 2018 tersebut bisa menghasilkan pemikiran atau keputusan yang maslahat dan bermanfaat untuk semua pihak.\n\n&nbsp;\n\nSementara itu, Ketua Umum ISKI Dadang Rahmat Hidayat menambahkan, banyak problem sosial yang terjadi diantaranya juga adalah problem komunikasi atau faktor komunikasi yang tidak baik menjadi penyebab terjadinya problem sosial bahkan problem kebangsaan.\n\n&nbsp;\n\nMenurut Dadang, berbagai isu menjadi penting untuk dibahas dalam konferensi kali ini, diantaranya berkaitan dengan masalah isu lingkungan melalui kajian komunikasi, yang utamanya berkaitan dengan keberlanjutan dan isu harmonisasi sosial berbagai kasus yang terjadi karena adanya perbedaan gagal komunikasi yang menyebabkan situasi gagal paham.\n\n&nbsp;\n\n&quot;Dan melalui konferensi ini diharapkan akan muncul berbagai pemikiran dan pandangan yang kontruktif sebagai bagian dari sumbangsih insan komunikasi membantu menyelesaikan berbagai masalah komunikasi termasuk pada saat ini,&quot; kata dia. (ant)\n', 'dad45-wakil-gubernur-jawa-barat-uu-ruzhanul-ulum.jpg', '2018-10-16 15:05:33', 5, 1, 0, 0, 0),
(36, 'Masyarakat Terdampak Tanggapi Positif Pembangunan Jakarta-Cikampek II', 'BEKASI - Tim Persiapan Pengadaan Tanah bagi proyek nasional Jalan Tol Jakarta-Cikampek II Sisi Selatan menilai sambutan dari para pemilik lahan terhadap kegiatan sosialisasi pembebasan lahan relatif positif.\n\n&nbsp;\n\n&quot;Kegiatan sosialisasi ini kami selenggarakan sejak sepakan lalu di wilayah Purwakarta, Karawang, Kabupaten Bekasi dan Kota Bekasi. Tingkat kehadiran tamu undangan bagus, masyarakat cukup antusias dengan sosialisasi ini,&quot; kata Tim Persiapan Pengadaan Tanah dari Pemprov Jabar, Dede Wahyudin di Bekasi, Senin (15/10/2018).\n\n&nbsp;\n\nHal itu dikatakannya saat menjadi pembicara dalam acara sosialisasi yang berlangsung di Kantor Kelurahan Pedurenan, Kecamatan Mustikajaya, Kota Bekasi.\n\n&nbsp;\n\nPria yang juga menjabat sebagai Kepala Bidang Pertanahan pada Dinas Perumahan dan Permukiman Provinsi Jawa Barat itu mengatakan, kegiatan sosialisasi ini telah memasuki tahap akhir dengan menyisakan dua lokasi terakhir di Kota Bekasi, yakni Kelurahan Cikiwul dan Kelurahan Sumurbatu Kecamatan Bantargebang dalam pekan ini.\n\n&nbsp;\n\nBerdasarkan data yang dihimpun melalui Dokumen Penyusunan Pengadaan Tanah (DPPT) yang dikeluarkan PT Jasa Marga Jakarta-Cikampek II Sisi Selatan menyebutkan ada sekitar 3.733 bidang lahan yang tengah disasar untuk kebutuhan pembebasan lahan Tol Jakarta-Cikampek II Sisi Selatan.\n\n&nbsp;\n\nLahan itu membentang di sepanjang trase Jalan Tol Jakarta-Cikampek II mulai dari Sadang, Purwakarta hingga ke Jatiasih, Kota Bekasi sepanjang lebih kurang 62 kilometer.\n\n&nbsp;\n\n&quot;Kebutuhan luas tanah untuk proyek ini berkisar 757,66 hektare melintasi satu provinsi, empat kabupaten, satu kota, 12 kecamatan dan 33 kelurahan,&quot; katanya.\n\n&nbsp;\n\nDikatakan Dede, masyarakat yang terdampak dinilai cukup kritis dalam merespons proyek tersebut dengan meminta segala kejelasan terkait agenda pembenasan lahan itu, termasuk edukasi seputar aturan yang dipakai pemerintah.\n\n&nbsp;\n\n&quot;Pada pelaksanaan sosialisasi ini, dinamika masyarakat bagus. Masyarakat sekarang cenderung lebih kritis, mereka minta kejelasan dan saya senang mereka kritis,&quot; katanya.\n\n&nbsp;\n\nKetua Lembaga Pemberdayaan Masyarakat Kelurahan Pedurenan, Ishab, mengungkapkan ada sekitar 291 bidang tanah di wilayahnya yang diproyeksikan akan terdampak pengerjaan tol.\n\n&nbsp;\n\n&quot;Kami mengapresiasi langkah pemerintah dalam melakukan sosialisasi ini, sehingga bisa mengantgisipasi potensi konflik di tengah masyarakat karena ini berkaitan dengan tempat tinggal warga yang terdampak,&quot; katanya.\n\n&nbsp;\n\nDalam sosialisasi itu, Ishab mempertanyakan terkait keberadaan bangunan warung yang menjadi sumber pedapatan warga di wilayah itu.\n\n&nbsp;\n\n&quot;Namun saya sudah dikasih kejelasan bahwa bangunan yang memiliki nilai produktivitas akan dihitung lebih dari nilai wajar saat ini karena ini menyangkut ekonomi warga yang terputus akibat pembebasan lahan,&quot; katanya. (ant)\n', '5108d-jalan-tol-jakarta-cikampek-ii-sisi-selatan.jpg', '2018-10-16 15:06:27', 5, 1, 0, 0, 0),
(37, 'TKD Jokowi-Ma''ruf Optimalkan Kampanye di Priangan Timur', 'BANDUNG - Tim Kampanye Daerah (TKD) Capres dan Cawapres Joko Widodo-KH Ma&#39;ruf Amin di Jawa Barat mengoptimalkan kampanye di wilayah Priangan Timur dan Barat, agar elektabilitas serta popularitas pasangan ini bisa meningkat sehingga meraih kemenangan di Pilpres 2019.\n\n&nbsp;\n\n&quot;Ada beberapa daerah di Jawa Barat yang menurut hemat tim pemenangan masih harus digenjot untuk mengejar elektabilitas dan popularitas Pak Jokowi dan KH Ma&#39;aruf Amin,&quot; kata Sekretaris TKD Capres dan Cawapres Jokowi-KH Ma&#39;ruf Amin di Jabar, Abdy Yuhana di Bandung, Minggu (14/10/2018).\n\n&nbsp;\n\nWilayah itu adalah Priangan Timur dan Barat. &quot;Priangan Timur itu seperti Tasikmalaya dan Priangan Barat Sukabumi,&quot; katanya.\n\n&nbsp;\n\nUntuk menaikkan elektabilitas dan popularitas Jokowi-KH Ma&#39;ruf Amin, pihaknya akan mengoptimalkan kinerja dari kader dan relawan seperti Pro Jokowi dan Barisan Relawan Jokowi yang terbentuk sejak beberapa tahun lalu.\n\n&nbsp;\n\n&quot;Sehingga itu semua akan kami himpun bersama direktur relawan yang ada di Jawa Barat. Jadi, Insya Allah kekuatan yang dimiliki kami saat ini akan meneguhkan kemenangan untuk Pak Jokowi dan KH Ma&#39;ruf Amin di Jawa Barat,&quot; katanya.\n\n&nbsp;\n\nKetua TKD Jokowi-KH Ma&#39;ruf Amin di Jawa Barat, Dedi Mulyadi menambahkan, untuk memenangkan Jokowi-Ma&rsquo;ruf di Jawa Barat, pihaknya sudah menyiapkan sejumlah strategi.\n\n&nbsp;\n\nMenurut dia, seluruh strategi tersebut akan fokus pada penguatan basis teritorial pemilih meskipun dia tidak memungkiri, perang udara akan tetap dijalankan untuk melawan &quot;hoax&quot;.\n\n&nbsp;\n\nBasis teritorial yang dimaksud Dedi adalah pembagian wilayah berdasarkan jumlah Tempat Pemungutan Suara (TPS). Setiap TPS akan dihuni tim yang profesional menjaring suara sampai unit sosial terkecil dalam komunitas masyarakat.\n\n&nbsp;\n\n&quot;Sering kita temui ada orang yang saat ditanya apakah bisa memenangkan di TPS sendiri, mereka gak jawab. Nah yang seperti ini mungkin kita alihkan untuk fungsi lain. Intinya, kita fokus sampai tingkat TPS. Ada 136 ribu TPS di Jawa Barat ini,&quot; katanya.\n\n&nbsp;\n\nSelain itu, tim Jokowi-Ma&rsquo;ruf Jawa Barat juga berkomitmen untuk menghilangkan varian acara seremonial. Acara jenis ini sama sekali tidak menghasilkan dampak elektoral terhadap kandidat.\n\n&nbsp;\n\nSebagai gantinya, pihaknya akan mendatangi masyarakat dari pintu ke pintu menjadi strategi andalan. Tim melakukan persuasi secara langsung sehingga tercipta kedekatan personal antara kandidat, tim dan calon pemilih.\n\n&nbsp;\n\n&quot;Tinggal kita petakan ada jalur merah, kuning dan hijau. Masing-masing kader partai koalisi memiliki cara tersendiri untuk mengolah basisnya secara langsung. Saat masuk ke suatu ceruk, ada caranya,&quot; ujarnya. (ant)\n', '85417-ketua-tkd-jokowi-kh-ma-ruf-amin-di-jawa-barat-dedi-mulyadi.jpg', '2018-10-16 15:07:06', 5, 1, 0, 0, 0),
(38, 'Pengamat: Usulan RUPS Bank BJB Wajar', 'BANDUNG - Pengamat Ekonomi dan Perbankan dari Universitas Pasundan, Acuviarta Kartabi menilai keinginan Wakil Gubernur Jawa Barat Uu Ruzhanul Ulum meminta Bank BJB segera menggelar rapat umum pemegang saham (RUPS) sebelum tutup tahun adalah wajar.\n\n&nbsp;\n\n&quot;Menurut saya usulan RUPS Bank BJB yang diusulkan Pemerintah Provinsi Jawa Barat dinilai wajar. Terlebih, adanya Gubernur dan Wagub Jawa Barat yang baru mengharuskan keduanya untuk menggali informasi terkini tentang perusahaan pelat merah tersebut,&quot; kata Acuviarta Kartabi, ketika dihubungi melalui telepon, Sabtu (13/10/2018).\n\n&nbsp;\n\nMenurut dia, usulan RUPS Bank BJB juga merupakan gal yang lazim dilakukan kepala daerah yang baru menjabat untuk mengetahui kondisi terkini di instansi yang dipimpinnya. &quot;Jadi wajar ya, RUPS ini kan meminta pertanggungjawaban direksi, mengevaluasi kinerja. Sah-sah saja itu,&quot; katanya.\n\n&nbsp;\n\nDia menuturkan, melalui agenda tersebut pemegang saham dalam hal ini gubernur dan wakil gubernur serta bupati/wali kota se-Jawa Barat, akan mengevaluasi kinerja direksi agar kinerja perusahaan tetap terjaga.\n\n&nbsp;\n\n&quot;Dalam RUPS nanti biasanya ada analisa kinerja direksi, dibandingkan dengan kondisi perbankan yang ada sekarang,&quot; katanya.\n\n&nbsp;\n\nSelain itu, lanjut Acuviarta, hal yang wajar adanya permintaan pergantian direksi sepanjang parameternya objektif dan berdasarkan penilaian kinerja.\n\n&nbsp;\n\n&quot;Permintaan pergantian direksi juga sah-sah saja, sepanjang pertimbangan keuangan. Menunjukkan pentingnya upaya pergantian. Jadi betul-betul didudukkan pada analisa kinerja,&quot; katanya.\n\n&nbsp;\n\nSebelumnya, Wakil Gubernur Jawa Barat Uu Ruzhanul Ulum meminta PT Bank Pembangunan Daerah Jawa Barat dan Banten, Tbk atau Bank BJB menggelar rapat umum pemegang saham (RUPS) sebelum mengakhiri kinerja di tahun 2018.\n\n&nbsp;\n\n&quot;Di mana salah satunya adalah menganggarkan setoran modal kepada Bank BJB sekitar Rp88 miliar di tahun 2018 dari total sekitar Rp330 miliar dari yang direncanakan. Sehingga saya minta segera digelar RUPS,&quot; kata Uu Ruzhanul Ulum, di Bandung, beberapa hari lalu.\n\n&nbsp;\n\nPemprov Jabar yang juga pemegang saham terbesar di Bank BJB ini menargetkan adanya tambahan modal untuk menjadi pelecut bagi BJB untuk meningkatkan kinerjanya.\n\n&nbsp;\n\n&quot;Sehingga Bank BJB sebagai bank pembangunan daerah terbesar di Indonesia dapat lebih ekspansif dalam mengembangkan bisnisnya dan dapat bersaing dengan perbankan lain yang ada di Indonesia,&quot; kata dia. (ant)\n', '7aa1e-ilustasi-rups-bank-bjb.jpg', '2018-10-16 15:09:10', 5, 1, 0, 0, 0),
(39, 'Jabar Prioritaskan Modifikasi Cuaca di Kawasan Bendungan', 'TASIKMALAYA - Pemerintah Provinsi Jawa Barat (Jabar) akan memprioritaskan program modifikasi cuaca atau hujan buatan di kawasan bendungan yang terjadi penyusutan air secara drastis, untuk mengatasi masalah kekeringan akibat musim kemarau di Jabar.\n\n&nbsp;\n\n&quot;Didahulukan dulu hujan di daerah bendungan-bendungan, waduk-waduk yang sekarang turun lebih dari 10 meter,&quot; kata Gubernur Jabar Ridwan Kamil usai menghadiri acara Dialog Nasional Indonesia Maju di Rest Area Urug, Kota Tasikmalaya, Sabtu (13/10/2018).\n\n&nbsp;\n\nIa menuturkan, Pemerintah Provinsi Jabar telah melakukan berbagai upaya untuk mengatasi persoalan kekeringan akibat musim kemarau melanda daerah Jabar.\n\n&nbsp;\n\nSalah satu upaya yang akan dilakukan pemerintah, kata dia, dengan melakukan modifikasi cuaca bekerja sama dengan institusi terkait agar aliran air kembali normal dan lancar. &quot;Mudah-mudahan dengan solusi itu air bisa kembali normal,&quot; katanya.\n\n&nbsp;\n\nIa menambahkan, persoalan kekeringan dan upaya kesiapan menjalankan program modifikasi cuaca tersebut sudah disampaikan langsung kepada Menteri Lingkungan Hidup dan Kehutanan Siti Nurbaya Bakar.\n\n&nbsp;\n\nMenteri yang hadir dalam acara di Tasikmalaya itu, kata Ridwan Kamil, menanggapi seriu dan akan menyampaikan kembali ke Presiden Indonesia Joko Widodo untuk melakukan tindakan dalam mengatasi kekeringan.\n\n&nbsp;\n\n&quot;Saya sudah lapor ke Ibu, Ibu akan menyampaikan ke Presiden untuk ambil tindakan, Minggu besok kita mulai melakukan teknologi rekayasa iklim,&quot; katanya. (ant)\n', 'a819f-ilustrasi-modifikasi-cuaca.jpg', '2018-10-16 15:10:03', 5, 1, 0, 0, 0),
(40, 'BMKG: Suhu Bagian Selatang Jateng Berpotensi Naik', 'CILACAP - Warga Jawa Tengah bagian selatan, khususnya Kabupaten Cilacap dan sekitarnya, sebaiknya mewaspadai potensi peningkatan suhu udara dalam beberapa hari ke depan, kata Kepala Kelompok Teknisi Stasiun Meteorologi Badan Meteorologi Klimatologi dan Geofisika (BMKG) Cilacap Teguh Wardoyo.\n\n&nbsp;\n\n&quot;Suhu udara diprediksi akan makin meningkat karena posisi matahari saat ini berada di belahan bumi selatan. Bahkan pada tanggal 13 Oktober kemarin, matahari tepat berada di atas wilayah kita,&quot; katanya di Cilacap, Senin (15/10/2018).\n\n&nbsp;\n\nIa mengatakan, berdasarkan pengamatan di Stasiun Meteorologi Cilacap suhu maksimum di kota Cilacap pada Senin (15/10) berada pada kisaran 31 derajat Celsius, naik satu sampai dua derajat dibandingkan dengan rata-rata suhu pada bulan Agustus dan September 2018.\n\n&nbsp;\n\n&quot;Kondisi panas yang menyengat terutama pada siang hari akhir-akhir ini dikarenakan sinar matahari yang menyinari bumi langsung mengenai bumi tanpa terhalang oleh awan,&quot; katanya.\n\n&nbsp;\n\nTeguh mengatakan, citra satelit cuaca menunjukkan pertumbuhan awan di Jawa, khususnya Cilacap, pada siang hari masih sangat sedikit sehingga matahari bisa langsung menembus bumi dan dan sengatannya sangat terasa.\n\n&nbsp;\n\nKendati demikian, dia memperkirakan peningkatan suhu udara di Cilacap tersebut tidak melampaui suhu udara maksimum pada Oktober 2016, karena awan mulai tumbuh seiring dengan datangnya awal musim hujan yang diprakirakan mulai berlangsung pada dasarian (10 hari) ketiga Oktober hingga dasarian pertama bulan November.\n\n&nbsp;\n\n&quot;Berdasarkan data klimatologi Stasiun Meteorologi Cilacap selama 30 tahun terakhir suhu udara maksimum pada bulan Oktober di Cilacap pernah mencapai 34 derajat Celsius pada tahun 2016,&quot; jelasnya. (ant)\n', '408fe-bmkg-ingatkan-warga-jateng-bagian-selatan-waspadai-kenaikan-suhu.jpg', '2018-10-16 15:11:15', 6, 1, 0, 0, 0);
INSERT INTO `news` (`newsId`, `title`, `content`, `image`, `date`, `categoryId`, `userId`, `viewCount`, `commentCount`, `likeCount`) VALUES
(41, 'PKK Jateng Revitalisasi Posyandu Tingkatkan Kualitas', 'SEMARANG - Tim Penggerak Pembinaan Kesejahteraan Keluarga (PKK) Provinsi Jawa Tengah mendorong revitalisasi posyandu yang ada di seluruh wilayah sebagai upaya peningkatan kualitas.\n\n&nbsp;\n\n&quot;Keberadaan posyandu bukan hanya dari aspek kuantitas, melainkan juga kualitas sehingga kami terus mendorong revitalisasi posyandu,&quot; kata Ketua Tim Penggerak PKK Provinsi Jateng Siti Atikoh Supriyanti di Semarang, Senin (15/10/2018).\n\n&nbsp;\n\nIa bertekad, revitalisasi posyandu tidak hanya mengejar pertambahan kuantitas, melainkan juga kualitas dan upaya tersebut membuahkan hasil positif karena pada 2017 tercatat 48.891 posyandu di Jateng.\n\n&nbsp;\n\nKondisinya sekarang berubah, kata dia, posyandu pratama terus berkurang dan posyandu yang termasuk kategori mandiri pun bertambah.\n\n&nbsp;\n\nIstri Gubernur Jateng Ganjar Pranowo itu juga berharap, keberadaan posyandu tidak hanya didominasi kelompok kerja, melainkan bisa terpadu dengan pokja-pokja lainnya terutama dalam menyosialisasikan berbagai kegiatan, mulai dari kesehatan, gizi, pendidikan karakter, antinarkoba, dan sebagainya.\n\n&nbsp;\n\n&quot;Artinya, kalau semua terlibat, persoalan bangsa akan teratasi, kita mulai dari &#39;grassroot&#39;, mulai dari rumah tangga,&quot; ujarnya.\n\n&nbsp;\n\nTerkait dengan upaya revitalisasi posyandu tersebut, PKK Jateng meminta dukungan pengurus PKK di tingkat kabupaten/kota beserta jajaran di bawahnya. (ant)\n', '3158f-ketua-tim-penggerak-pkk-provinsi-jateng-siti-atikoh-supriyanti.jpg', '2018-10-16 15:12:04', 6, 1, 0, 0, 0),
(42, 'Dinkes: Banyak Warga Wonosobo-Banjarnegara BAB Sembarangan', 'SEMARANG - Dinas Kesehatan Provinsi Jawa Tengah menyebutkan bahwa banyak warga Kabupaten Wonosobo dan Banjarnegara yang buang air besar (BAB) secara sembarangan atau tidak di jamban.\n\n&nbsp;\n\n&quot;Di provinsi ini masih ada sekitar empat juta orang yang BAB sembarangan, dan paling banyak di daerah pegunungan, yakni di Wonosobo dan Banjarnegara,&quot; kata Kepala Seksi Pencegahan dan Pengendalian Penyakit Tidak Menular (P2PTM) Dinas Kesehatan Provinsi Jawa Tengah Arfian Nevi di Semarang, Jumat (12/10/2018).\n\n&nbsp;\n\nIa mengungkapkan, banyak warga di dua daerah tersebut yang memilih BAB di sungai maupun di kebun atau di atas empang atau kolam ikan daripada di jamban, meskipun di daerahnya tidak kekurangan air. &quot;Mereka menganggap BAB sembarangan itu sebagai hal yang biasa,&quot; ujarnya.\n\n&nbsp;\n\nLebih lanjut, Arfian menjelaskan, BAB sembarangan ini sangat berbahaya bagi kesehatan lingkungan sekitarnya, tidak hanya saat musim kemarau atau musim hujan, karena kotoran yang dibuang sembarangan itu akan memunculkan penyakit menular.\n\n&nbsp;\n\nMenurut dia, akar permasalahan dari warga yang BAB sembarangan ini bukan ketidakmampuan dari finansial, tapi lebih pada perilaku dan kebiasaan.\n\n&nbsp;\n\n&quot;Bukan berarti kedua daerah itu banyak warga miskinnya. Jadi, bagaimana memberikan pemahaman kepada masyarakat bahwa BAB sembarangan di samping merugikan diri sendiri dan keluarga, juga merugikan orang lain,&quot; katanya.\n\n&nbsp;\n\nSebagai upaya pengurangan jumlah warga yang BAB sembarangan, Dinkes Jateng akan merangkul tokoh agama dan tokoh masyarakat untuk bergerak bersama menyadarkan masyarakat agar BAB di jamban. &quot;Salah satu program yang kami laksanakan adalah dengan sanitasi total berbasis masyarakat,&quot; ujarnya. (ant)\n', '82d53-ilustrasi.jpg', '2018-10-16 15:12:39', 6, 1, 0, 0, 0),
(43, 'Kudus Terapkan E-Retribusi KIR untuk Hindari Pungli', 'KUDUS - Dinas Perhubungan Kabupaten Kudus, Jawa Tengah, bakal menerapkan pembayaran retribusi uji kelaikan kendaraan (KIR) secara elektronik atau e-retribusi guna menghindari kemungkinan terjadinya pungutan liar (pungli).\n\n&nbsp;\n\n&quot;Semua kelengkapan untuk penerapan e-retribusi KIR sudah kami siapkan karena sebelumnya sudah ada pembicaraan dengan pihak Bank Jateng sebagai mitra,&quot; kata Kepala Dinas Perhubungan Kabupaten Kudus Abdul Halil di Kudus, Kamis (11/10/2018).\n\n&nbsp;\n\nUntuk penyediaan perangkat lunaknya, kata dia, pihak perbankan yang akan menjadi mitra siap menyediakannya.\n\n&nbsp;\n\nNantinya, kata dia, akan disediakan loket khusus pelayanan retribusi secara elektronik dari pihak perbankan sehingga petugas dari Dinas Perhubungan Kudus tidak ada yang bersentuhan langsung dengan pembayaran retribusi.\n\n&nbsp;\n\nIa optimistis, model pembayaran retribusi secara elektronik tersebut bisa menghilangkan pungli karena tidak ada peluang petugas menerima pembayaran retribusi KIR.\n\n&nbsp;\n\nDengan penerapan e-retribusi, menurutnya, maka kendaraan yang melakukan uji kelaikan kendaraan juga benar-benar memenuhi persyaratan.\n\n&nbsp;\n\n&quot;Sepanjang tidak memenuhi persyaratan sebagai kendaraan yang laik jalan, tentunya tidak akan dinyatakan lolos uji KIR,&quot; ujarnya.\n\n&nbsp;\n\nBupati Kudus Muhammad Tamzil menginginkan kemungkinan terjadinya pungli harus dihilangkan, termasuk di tempat pelayanan KIR pada Dinas Perhubungan Kabupaten Kudus.\n\n&nbsp;\n\nSetidaknya, peristiwa operasi tangkap tangan (OTT) di Dinas Perhubungan Kabupaten Rembang oleh Tim Polda Jateng tidak terjadi di Kabupaten Kudus.\n\n&nbsp;\n\nDalam pengujian kendaraan bermotor, terdapat sembilan item persyaratan yang harus dipenuhi, seperti peralatan, sistem penerangan, sistem kemudi, as dan suspensi, ban dan pelek, rangka dan bodi, sistem rem, mesin dan transmisi serta sistem bahan bakar dan kelistrikan.\n\n&nbsp;\n\nMasing-masing item masih ada beberapa komponen yang harus dipastikan kelaikannya, sehingga ketika salah satu ada yang kurang, maka kendaraan belum dinyatakan lolos uji karena semua komponen tersebut saling terkait dan tidak boleh diabaikan.\n\n&nbsp;\n\nMasing-masing komponen juga harus memenuhi syarat minimal, seperti alur ban maupun kampas rem. (ant)\n', 'bec4e-kegiatan-wastib-mobile-balai-perhubungan-wilayah-ii.jpg', '2018-10-16 15:13:18', 6, 1, 0, 0, 0),
(44, 'Ganjar Ajak Bupati Turunkan Harga Jagung', 'SEMARANG - Gubernur Jawa Tengah Ganjar Pranowo mengajak bupati di beberapa daerah melakukan tindakan nyata untuk menurunkan harga jagung yang menjadi salah satu bahan utama pakan ternak.\n\n&nbsp;\n\n&quot;Kenaikan harga jagung ini dikhawatirkan memicu naiknya harga daging ayam di pasaran. Kemarin saya ketemu secara informal dengan para peternak ayam ternyata jagungnya masih kemahalan,&quot; katanya di Semarang, Kamis (11/10/2018).\n\n&nbsp;\n\nGanjar menyebutkan, berdasarkan data Dewan Jagung Nasional, harga jagung saat ini mencapai Rp5.200 per kilogram sehingga para peternak ayam merasa keberatan karena harga pakan ternak juga melambung dari Rp4.700 kini menjadi Rp6.200.\n\n&nbsp;\n\nKondisi tersebut membuat Ganjar menjadi khawatir jika para peternak ayam kemudian menaikkan harga jual daging ayam di pasaran.\n\n&nbsp;\n\nPolitikus PDI Perjuangan itu berharap harga jagung bisa segera turun dan stabil, sehingga menguntungkan para peternak serta pemerintah tidak perlu melakukan impor jagung.\n\n&nbsp;\n\nGanjar menyebutkan, saat ini kebutuhan jagung di Jateng setiap hari mencapai 900 ton dan untuk pakan ternak mencapai 550 ton.\n\n&nbsp;\n\nMengingat beberapa daerah di Jateng menjadi lumbung jagung, Ganjar meminta para bupati membantu menyelesaikan persoalan ini.\n\n&nbsp;\n\n&quot;Saya butuh bantuan temen-temen bupati, pengusaha, dan pedagang untuk menunjukkan sekarang (jagung) ada berapa dan di mana dengan harga berapa, nanti bisa terjangkau atau tidak,&quot; ujarnya.\n\n&nbsp;\n\nSelain mempengaruhi harga ayam, yang terpicu atas kenaikan harga jagung dan pakan ternak ini adalah telur.\n\n&nbsp;\n\n&quot;Itu (jagung) segera dikirimkan kepada peternak agar mereka bisa &#39;ngasih&#39; pakan ternaknya dan akhirnya harga ternaknya bisa dikendalikan, khususnya ayam,&quot; katanya. (ant)\n', 'afd34-petani-tengah-memanen-jagung.jpg', '2018-10-16 15:13:51', 6, 1, 0, 0, 0),
(45, 'Banyuwangi Tuan Rumah Pameran Produk Unggulan Pertanian', 'BANYUWANGI - Kabupaten Banyuwangi, Jawa Timur, menjadi tuan rumah pameran produk unggulan pertanian dari berbagai daerah di Indonesia, mulai 11 hingga 16 Oktober 2018.\n\n&nbsp;\n\nKetua Panitia Irvan Nugroho mengatakan, pameran bertajuk &quot;Indo Agro - Indonesia Agriculture, Fishery, Livestock and Plantation International Expo&quot; itu menampilkan hampir semua komoditas pangan, peternakan, perikanan, dan perkebunan dipamerkan langsung di lahan persawahan seluas dua hektare.\n\n&nbsp;\n\nDi lokasi itu, katanya, ada pula hamparan padi, aneka sayuran dan buah yang ditanam secara langsung di lokasi. Kegiatan diikuti para pelaku usaha pertanian dari Jawa Timur dan luar Jatim.\n\n&nbsp;\n\nPengunjung bisa melihat aneka produk olahan hasil pertanian yang dipamerkan, mulai kerupuk kulit ikan, olahan jamur, olahan buah naga, ikan kaleng, kopi, hingga herbal daun kelor. Juga ada stan yang menjual berbagai tanaman bunga dan buah, seperti nangka merah dan durian merah.\n\n&nbsp;\n\nPengunjung juga bisa memperluas wawasan tentang bisnis pertanian, karena selama pameran berlangsung juga digelar beberapa kegiatan, seperti seminar menggagas Agro 4.0, seminar pemberdayaan penyuluh pertanian sebagai ujung tombak agro 4.0, seminar meretas jalan implementasi agro di Jawa Timur, dan talkshow potensi ekonomi hutan mangrove. Pengunjung akan diajarkan bagaimana berbisnis secara modern berbasis IT atau yang dikenal dengan Agro 4.0.\n\n&nbsp;\n\nIndo Agro ini, katanya, diharapkan bisa menjadi ajang promosi pertanian Nusantara. &quot;Kegiatan ini untuk membuka peluang pasar hasil produksi pangan lokal menuju pasar regional dan global. Makanya, ini tidak sekadar pameran tapi kami juga menawarkan metode. Kami tawarkan konsep pertanian agro zaman milenial,&rdquo; kata Irvan.\n\n&nbsp;\n\nDia menambahkan, dipilihnya Banyuwangi sebagai lokasi acara lantaran pihaknya menilai Banyuwangi sebagai salah satu daerah dengan pertumbuhan sektor pertanian yang cukup baik di Jawa Timur maupun di Indonesia.\n\n&nbsp;\n\n&quot;Pertanian di Banyuwangi bagus. Selain menjadi salah satu lumbung pangan di Jawa Timur, Banyuwangi juga menyuplai produk agronya ke berbagai daerah lain di sekitarnya. Salah satunya Bali, ternyata hampir 80 persen kebutuhan agronya disuplai dari Banyuwangi,&quot; ujar Irvan.\n\n&nbsp;\n\nIrvan menambahkan, kesuksesan Banyuwangi dalam menggelar &quot;Agro Expo&quot; beberapa tahun terakhir juga memperkuat alasannya memilih Banyuwangi.\n\n&nbsp;\n\n&quot;Banyuwangi telah membuka mata saya. Selama ini saya terbiasa melihat pameran di dalam gedung, tapi ternyata Banyuwangi bisa menyulap sawah menjadi etalase pertanian yang sangat menarik. Sangat menginspirasi, akhirnya kami bikin acara serupa di lokasi yang sama,&quot; kata dia. (ant)\n', 'c19b9-banyuwangi-tuan-rumah-pameran-produk-unggulan-pertanian-berbagai-daerah..jpg', '2018-10-16 15:15:00', 7, 1, 0, 0, 0),
(46, 'Penkab Situbondi Matangkan Perbup Tentang Pasar Modern', 'SITUBONDO - Pemerintah Kabupaten Situbondo, Jawa Timur, sedang mematangkan Peraturan Bupati (Perbup) tentang Pasar Modern sesuai imbauan Gubernur Jatim, Soekarwo, bahwa pasar modern harus memasarkan produk lokal minimal 51 persen.\n\n&nbsp;\n\n&quot;Sudah saatnya pasar modern menampung atau memfasilitasi produk lokal yang diproduksi usaha kecil menengah (UKM) di Situbondo untuk dijual di pasar modern,&quot; kata Bupati Situbondo Dadang Wigiarto di Situbondo.\n\n&nbsp;\n\nAda beberapa hal yang harus dipersiapkan oleh UKM agar mampu bersaing dengan produk pasar modern, lanjut dia, di antaranya standarisasi produk dan manajemen pasar modern khususnya pembayaran kepada pelaku UKM.\n\n&nbsp;\n\n&quot;Pembayaran seringkali lama, meskipun produk telah habis terjual dan alasannya untuk membayar kepada UKM terkendala dengan sistem menajemen yang berpusat ke Surabaya,&quot; katanya.\n\n&nbsp;\n\nSedangkan masalah yang tak kalah pentingnya, katanya, terkait mental wirausaha para pelaku UKM yang harus terus dikuatkan agar mampu bersaing dengan pengusaha pasar modern.\n\n&nbsp;\n\nSejauh ini, menurut Bupati Dadang, pelaku usaha kecil menengah rata-rata masih menggantungkan bantuan pemerintah. Karena jika selalu menunggu pemerintah maka sulit bagi pelaku UKM akan bergerak maju dan berkembang.\n\n&nbsp;\n\nSebelumnya, Gubernur Jatim Soekarwo dalam kunjungannya ke Bondowoso, mendorong seluruh Bupati atau Walikota di Jawa Timur untuk membuat peraturan daerah atau peraturan bupati tentang pasar modern.\n\n&nbsp;\n\nKarena semakin maraknya pasar modern mengancam perekonomian mandiri kerakyatan, sehingga perekonomian kerakyatan harus dilindungi dengan cara membuat peraturan daerah atau peraturan bupati yang mengatur tentang pasar modern. (ant)\n', '76ec2-pematangan-peraturan-bupati-perbup-tentang-pasar-modern-di-situbondo..jpg', '2018-10-16 15:15:52', 7, 1, 0, 0, 0),
(47, 'KPU Mulai Sosialisasi Pilkada Ulang Sampang', 'SAMPANG - Komisi Pemilihan Umum (KPU) Sampang, Jawa Timur kini mulai melakukan sosialisasi tentang pelaksanaan pilkada ulang yang akan digelar pada 27 Oktober 2018 kepada masyarakat calon pemilih di wilayah itu.\n\n&nbsp;\n\n&quot;Secara formal sosialisasi telah kami lakukan sejak tanggal 11 Oktober 2018 kemarin, dan hingga kini terus dilakukan hingga menjelang H-1 pelaksanaan pencoblosan nanti,&quot; kata Ketua KPU Sampang Moh Syamsul Muarif di Sampang.\n\n&nbsp;\n\nSyamsul menjelaskan, hal itu dilakukan agar pada pelaksanaan pilkada ulang nanti, partisipasi masyarakat tetap tinggi, sebagaimana pada pelaksanaan pilkada 27 Juni 2018.\n\n&nbsp;\n\nSementara, khusus pada pelaksanaan sosialisasi pertama, menurut Syamsul, pihaknya sengaja mengundang Divisi SDM dan Parmas KPU Jatim Gogot Cahyo Baskoro untuk menjadi pembicara dalam acara itu.\n\n&nbsp;\n\n&quot;Ini kami lakukan, agar KPU Sampang juga bisa mendapatkan arahan tentang cara pelaksanaan pilkada yang baik dan benar, serta sosialisasi yang tepat sasaran,&quot; katanya.\n\n&nbsp;\n\nSyamsul menjelaskan, tingkat partisipasi pemilih pada pilkada 27 Juni 2018 di Kabupaten Sampang, Madura, Jawa Timur termasuk tinggi, bahkan lebih tinggi dibanding tiga kabupaten lain di Madura, yakni Sumenep, Pamekasan dan Bangkalan.\n\n&nbsp;\n\n&quot;Sebab partisipasi di Sampang pada pilkada kemarin mencapai 86 persen. Kabupaten lain, hanya sampai 75 persen saja,&quot; katanya.\n\n&nbsp;\n\nPilkada di Kabupaten Sampang ini diikuti oleh tiga Pasangan Calon Bupati dan Wakil Bupati Sampang yang akan berkompetisi pada pilkada yang akan digelar 27 Juni 2018.\n\n&nbsp;\n\nKetiga pasangan calon itu masing-masing H. Hisan dengan KH Abdullah Mansyur (Hisbullah), didukung Partai Demokrat (enam kursi) dan PAN (tiga kursi) sebanyak sembilan kursi.\n\n&nbsp;\n\nSelanjutnya pasangan Calon Bupati Pamekasan H Slamet Junaidi-H. Abdullah Hidayat (Jihad) didukung Partai Nasdem (dua kursi), PKS (2 kursi), PDIP (dua kursi) dan PPP (tujuh kursi), total sebanyak 13 kursi.\n\n&nbsp;\n\nKemudian, Hermanto Subaidi dan Suparto didukung Partai Gerindra (delapan kursi) dan PKB (delapan kursi), total sebanyak 16 kursi. (ant)\n', '74332-ilustrasi-kpud-sampang.jpg', '2018-10-16 15:16:31', 7, 1, 0, 0, 0),
(48, 'BPJS Ketenagakerjaan Sidoarjo Akuisisi 1.000 Pekerja Tirtakencana', 'SIDOARJO - Badan Penyelenggara Jaminan Sosial Ketenagakerjaan Kantor Cabang Sidoarjo, Jawa Timur mengakuisisi sebanyak 1.000 orang pekerja PT Tirtakencana Tatawarna Cabang Pontianak dan Samarinda, wilayah Kalimantan.\n\n&nbsp;\n\nKepala Kantor Cabang BPJS Ketenagakerjaan Kantor Cabang Sidoarjo, Ikeda Hendra Kusuma, Sabtu di Sidoarjo mengatakan, dengan banyaknya kepesertaan itu, pihaknya terus melakukan edukasi dan sosialisasi akan pentingnya kepesertaan jaminan sosial ketenagakerjaan.\n\n&nbsp;\n\n&quot;Atas undangan dari perusahaan itu, kami terus melakukan sosialisasi kepada para pekerja akan pentingnya perlindungan jaminan sosial ketenagakerjaan yang ada di perusahaan itu,&quot; ujarnya.\n\n&nbsp;\n\nMenurutnya, sosialisasi ini bertujuan memberikan pencerahan kepada karyawan-karyawan supaya lebih memahami manfaat langsung yang akan diterima karyawan setelah terdaftar sebagai peserta BPJS Ketenagakerjaan.\n\n&nbsp;\n\n&quot;Edukasi juga dilakukan untuk memberikan pemahaman bahwa BPJS Ketenagakerjaan berbeda dengan BPJS Kesehatan,&quot; ujarnya.\n\n&nbsp;\n\nIa berharap dengan kegiatan itu, pemahaman akan perlindungan sosial kepada para pekerja semakin meningkat, termasuk juga bentuk perlindungan yang diberikan kepada para peserta ini bisa dimanfaatkan dengan baik.\n\n&nbsp;\n\n&quot;Pada tahun ini, untuk perusahaan baru yang mendaftar di BPJS Ketenagakerjaan Cabang Sidoarjo berjumlah 840 perusahaan baru, namun jumlah itu masih jauh dari target yang ditetapkan sebagai peserta baru, yakni 1.352 perusahaan baru,&quot; katanya.\n\n&nbsp;\n\nUntuk meningkatkan kepesertaan itu, kata dia, pihaknya aktif melakukan berbagai macam kegiatan termasuk membidik sektor serikat pekerja yang ada di Kabupaten Sidoarjo supaya menjadi peserta mereka.\n\n&nbsp;\n\n&quot;Sementara itu, pada tahun 2016 hingga 2018 tercatat jumlah klaim Jaminan Hari Tua (JHT) di BPJS Ketenagakerjaan Cabang Sidoarjo mencapai Rp659.402.845.855 yang sudah terbayarkan,&quot; katanya. (ant)\n', 'aeb30-ilustrasi-bpjs-ketenagakerjaan-sidoarjo.jpg', '2018-10-16 15:17:07', 7, 1, 0, 0, 0),
(49, 'Pemkot Malang Berupaya Turunkan Angka Pengangguran Terbuka', 'MALANG - Pemerintah Kota Malang berupaya untuk menurunkan angka pengangguran terbuka yang mencapai 7,22 persen dari total jumlah penduduk di Kota Malang, Jawa Timur, melalui pengembangan sektor ekonomi kreatif.\n\n&nbsp;\n\nWakil Wali Kota Malang, Sofyan Edi Jarwoko mengatakan, bahwa angka pengangguran terbuka tersebut merupakan yang tertinggi di Provinsi Jawa Timur dan disebabkan banyaknya lulusan universitas maupun perguruan tinggi memilih tinggal di Kota Malang, ketimbang kembali ke daerah asalnya.\n\n&nbsp;\n\n&quot;Tidak ada jalan lain, Pemerintah Kota Malang harus mengambil langkah untuk menurunkan angka pengangguran terbuka dengan pola yang disesuaikan dengan perkembangan situasi dan kondisi. Kita akan mengembangkan dengan sungguh sungguh sektor ekonomi kreatif,&quot; kata Sofyan Edi, di Kota Malang, Sabtu.\n\n&nbsp;\n\nBeberapa hal yang mendasari para mahasiswa tersebut untuk tetap tinggal di Kota Malang, lanjut Sofyan Edi, antara lain adalah untuk melanjutkan ke jenjang perguruan yang lebih tinggi, mmencari pekerjaan, atau memutuskan untuk menikah dan tinggal di Kota Malang.\n\n&nbsp;\n\nDalam diskusi bertema &quot;Strategi dan Inovasi Dalam Menghadapi Tantangan Pada Era Disruptif&quot; di Universitas Brawijaya tersebut, Sofyan Edi mengatakan bahwa meskipun perekonomian Kota Malang mengalami kenaikan yang baik, namun apabila pengangguran terbuka tinggi, maka pertumbuhan itu akan percuma.\n\n&nbsp;\n\n&quot;Mahasiswa yang sudah lulus masih tinggal di Kota Malang. Sebagai kota pendidikan, ini merupakan tantangan, jika tidak dikelola dengan baik akan menjadi masalah,&quot; katanya.\n\n&nbsp;\n\nPemerintah Kota Malang menyiapkan langkah strategis untuk memperkuat dengan memberdayakan, memanfaatkan, dan mengoptimalkan lulusan perguruan tinggi tersebut sebagai pilar ekonomi kreatif Kota Malang. Kota Malang sendiri telah memiliki wadah dalam &quot;Malang Creative Fusion&quot;.\n\n&nbsp;\n\nTercatat, pertumbuhan ekonomi Kota Malang pada 2016 berada pada angka 5,61 persen, dengan produk domestik bruto (PDB) mencapai Rp57,17 triliun. PDB tersebut berasal dari sektor perdagangan, usaha hotel dan restoran sebesar 29,54 persen, sektor manufaktur 25,04 persen, dan jasa 17,32 persen.\n\n&nbsp;\n\nSementara untuk Pendapatan Asli Daerah (PAD) Kota Malang tercatat terus mengalami peningkatan. Berdasar catatan, pada 2016, PAD mencapai Rp387 miliar, yang kemudian meningkat menjadi Rp409 miliar pada 2017. (ant)\n', '39fcf-tingkat-pengangguran-terbuka-kota-malang-tempati-posisi-kedua-se-jatim.jpg', '2018-10-16 15:17:50', 7, 1, 0, 0, 0),
(50, 'Lebak Ajak Nelayang Lestarikan Lobster', 'LEBAK - Dinas Perikanan Kabupaten Lebak, Banten mengajak nelayan di pesisir selatan di daerah ini untuk melestarikan udang lobster agar populasinya berkembang biak dan tidak terjadi kelangkaan.\n\n&nbsp;\n\n&quot;Pelestarian udang itu, diantaranya dengan tidak menangkap benur lobster,&quot; kata Kepala Seksi Peningkatan Kapasitas Nelayan Kecil Dinas Perikanan Kabupaten Lebak, Rizal Ardiansyah di Lebak, Senin (15/10/2018).\n\n&nbsp;\n\nSelama ini, lobster pesisir selatan Kabupaten Lebak masuk kategori terbaik sehingga populasinya harus dijaga dan dilestarikan. Populasi lobster yang berkembang itu memiliki spesifik tersendiri dibandingkan dengan daerah lain di Tanah Air.\n\n&nbsp;\n\nLobster Lebak berwarna hijau dengan memiliki berat hingga mencapai 1,5 kilogram banyak diminati warga asing. Selain rasanya enak dan gurih juga tidak mengandung kolesterol.\n\n&nbsp;\n\nNamun, pihaknya prihatin masih ramai nelayan menangkap benur lobster atau anak lobster. Akibatnya, banyak pelaku penampung maupun penjual lobster banyak yang ditangkap polisi karena mereka menjualnya tanpa dilengkapi dokumen.\n\n&nbsp;\n\nBahkan, berdasarkan informasi, lanjutnya, empat pelaku warga Lebak ditangkap Kepolisian Tulang Bawang Lampung.\n\n&nbsp;\n\nMereka pelaku hendak menyelundupkan benur lobster ke luar negeri melalui Pelabuhan Batam. Pelaku ditangkap saat hendak mengganti air oksigen di Tulang Bawang itu, katanya.\n\n&nbsp;\n\nMenurut dia, pihaknya hingga kini terus menyosialisasikan Peraturan Menteri Kelautan dan Perikanan (Permen KP) No. 1 dan 2 tahun 2015 tentang larangan kegiatan tangkap lobster, kepiting dan rajungan dalam keadaan bertelur.\n\n&nbsp;\n\nSelama ini, pihaknya terus menyampaikan imbauan kepada nelayan agar menjaga dan melestrikan benur lobster dan tidak dilakukan penangkapan.\n\n&nbsp;\n\nKarena itu, pihaknya mengajak nelayan dapat melestarikan benur lobster agar berkembang di pesisir selatan Lebak yang berhadapan dengan Perairan Samudera Hindia.\n\n&nbsp;\n\n&quot;Kami minta nelayan dapat melindungi habitat udang lobster kecil juga telurnya agar pesisir selatan Lebak menjadikan kawasan populasi udang lobster,&quot; ujarnya.\n\n&nbsp;\n\nSejumlah nelayan Kabupaten Lebak mengatakan pihaknya mendukung larangan tangkapan benur dan telur lobster sesuai dengan kebijakan pemerintah guna pelestarian populasi udang tersebut.\n\n&nbsp;\n\n&quot;Kami tentu akan mentaati larangan tangkapan benur maupun telur benur lobster,&quot; kata Aming (45) seorang nelayan PPI Binuangeun Kabupaten Lebak. (ant)\n', '559c4-kualitas-lobster-lebak-terbaik-di-dunia.jpg', '2018-10-16 15:18:53', 8, 1, 0, 0, 0),
(51, 'Kain Tenun Badui Mulai Dilirik Pasar Mancanegara', 'LEBAK - Produk kerajinan tenun masyarakat Badui di pedalaman Kabupaten Lebak, Provinsi Banten, mulai dilirik pasar mancanegara karena memiliki nilai tradisional juga kualitas.\n\n&nbsp;\n\n&quot;Kita terus mengoptimalkan promosi agar produk kain tenun Badui dikenal pasar domestik maupun luar negeri,&quot; kata Kepala Seksi Industri Dinas Perindustrian dan Perdagangan (Disperindag) Kabupaten Lebak, Sutisna saat dihubungi di Lebak, Minggu (14/10/2018).\n\n&nbsp;\n\nPemerintah daerah terus meningkatkan pembinaan dan pelatihan terhadap perajin kain tenun Badui yang berkembang di kawasan permukiman masyarakat adat. Saat ini, perajin kain tenun Badui mencapai 600 unit usaha dan menyumbangkan pertumbuhan ekonomi masyarakat setempat.\n\n&nbsp;\n\nMereka perajin tenun Badui itu dilakukan kaum perempuan sambil menunggu suaminya yang bekerja di ladang. &quot;Kami terus meningkatkan kualitas produk tenun itu dengan pewarna yang alami dengan menggunakan dedaunan,&quot; katanya.\n\n&nbsp;\n\nMenurut dia, saat ini produk kerajinan tenun Badui sudah dilirik konsumen dari Eropa, seperti London, Inggris, Italia, Rusia dan Jerman. Begitu juga permintaan tenun Badui untuk pasar Vietnam, Jepang dan Korea Selatan cenderung meningkat.\n\n&nbsp;\n\nKeunggulan tenun Badui memiliki corak warna dan motif berbeda, di antaranya poleng hideung, poleng paul, mursadam, pepetikan, kacang herang, maghrib, capit hurang, susuatan, suat songket, smata (girid manggu, kembang gedang, kembang saka).\n\n&nbsp;\n\nSelain itu juga motif adu mancung, serta motif aros yang terdiri dari aros awi gede, kembang saka, kembang cikur, dan aros anggeus. &quot;Saya kira perbedaan warna dan motif itu yang memiliki keunggulan sehingga menembus pasar mancanegara,&quot; katanya menjelaskan.\n\n&nbsp;\n\nKetua UKM Daarul Qoriin Baraya, Endoh Mahfudoh mengatakan, selama ini produk kain tenun masyarakat Badui ternyata diminati warga Vietnam.\n\n&nbsp;\n\nTingginya permintaan pasar di negara Vietnam setelah mengisi kegiatan pameran melalui promosi yang dilakukan Badan Koordinasi Penanaman Modal (BKPM) Provinsi Banten. &quot;Kami hampir setiap pekan memasok kain tenun Badui ke pasar Vietnam itu,&quot; katanya menjelaskan.\n\n&nbsp;\n\nSementara itu Munah (45) perajin tenun Badui mengatakan dirinya hingga kini mengandalkan ekonomi keluarga dari penghasilan kerajinan tenun.\n\n&nbsp;\n\nApalagi, saat ini permintaan pesanan dari luar daerah meningkat. Produksi tenun itu tergantung motif dan warna serta harganya juga bervariasi mulai Rp200 ribu sampai Rp2 juta per kain.\n\n&nbsp;\n\nBahkan, banyak juga perancang busana menampilkan fashion tenun Badui di tingkat nasional hingga internasional. Kelebihan tenun Badui dikerjakan menggunakan peralatan secara manual sambil duduk di balai-balai rumah yang terbuat dari dinding bambu dan atap rumbia.\n\n&nbsp;\n\n&quot;Kami sebulan bisa menjual antara 20-30 kain sehingga ekonomi keluarga sangat terbantu,&quot; ujarnya menjelaskan. (ant)\n', '81d96-wisatawan-mulai-lirik-kain-tenun-baduy.jpg', '2018-10-16 15:19:31', 8, 1, 0, 0, 0),
(52, 'Warga Tidak Panik Karena Getaran Gempa Kecil', 'LEBAK - Masyarakat pesisir selatan Kabupaten Lebak yang lokasinya berhadapan langsung dengan Samudera Hindia tidak panik saat gempa bermagnitudo 5,2 Skala Richter yang terjadi Minggu dinihari, karena getaran sangat kecil dan hanya berlangsung beberapa detik.\n\n&nbsp;\n\n&quot;Kita dinihari tadi merasakan gempa 5.2 SR yang berlangsung beberapa detik, namun getarannya sangat kecil,&quot; kata Erwin Komara Sukma, seorang tokoh Desa Sawarna Kecamatan Bayah Kabupaten Lebak saat dihubungi di Lebak, Banten, Minggu (14/10/2018).\n\n&nbsp;\n\nKehidupan masyarakat di sini sudah kembali normal setelah gempa berkekuatan 5.2 SR yang melanda Minggu dinihari. Masyarakat sudah biasa merasakan goyangan gempa karena lokasi Desa Sawarna itu berdekatan dengan pusat gempa.\n\n&nbsp;\n\nBerdasarkan laporan Badan Meteorologi Klimatalogi dan Geofisik (BMKG) pusat gempa berada di 9,00 Lintang Selatan, 105,26 Bujur Timur atau tepatnya berada di 292 kilometer Barat Daya Lebak, Banten.\n\n&nbsp;\n\nGempa dengan kedalaman 10 kilometer dinyatakan BMKG tidak berpotensi menimbulkan tsunami. &quot;Gempa itu aman dan tidak ditemukan kerusakan rumah warga maupun infrastuktur lainnya,&quot; kata Ketua Badan Penyelamat Wisata Tirta (Balawista) Kabupaten Lebak.\n\n&nbsp;\n\nMenurut dia, gempa dirasakan lemah dan tidak menimbulkan berpotensi tsunami. Masyarakat pesisir selatan diminta tetap waspada sehubungan wilayah Perairan Samudra Hindia terdapat patahan gempa.\n\n&nbsp;\n\nSelama ini, pesisir selatan ada pertemuan Lempeng Indo-Australia di bagian selatan yang bergerak menekan Lempeng Eurasia di bagian utara dan adanya Lempeng Pasifik di bagian timur. (ant)\n', '6d715-ilustrasi-gempa.jpg', '2018-10-16 15:20:07', 8, 1, 0, 0, 0),
(53, 'KH Ma''ruf Amin Minta Dukungan Warga NU Banten', 'SERANG - Calon Wakil Presiden nomor urut satu KH Ma&#39;ruf Amin hadir pada pelantikan Ketua Nahdlatul Ulama (NU) Banten dan meminta dukungan warga NU dalam pencalonanya sebagai wakil presiden.\n\n&nbsp;\n\n&quot;Saya ditugaskan PBNU untuk menjadi wapres, saya ini orang Banten, baru kali ini orang Banten ditunjuk jadi wakil presiden. Bahkan kedepan harus ada orang Banten yang jadi presiden,&quot; kata KH Ma&#39;ruf Amin saat menghadiri pelantikan pengurus wilayah Nahdlatul Ulama (PWNU) Banten, di alun-alun Barat Kota Serang, Sabtu (13/10/2018).\n\n&nbsp;\n\nIa mengatakan, hari ini ia mengaku bangga karena NU Banten bangkit kembali, meskipun NU didirikan di Jawa Timur, tapi guru para NU itu ada di Banten. &quot;Syekh Nawawi dan Syekh Abdul Karim adalah guru orang NU asal Banten,&quot; kata KH Ma&#39;ruf Amin.\n\n&nbsp;\n\nMenurutnya, tugas NU saat ini menjaga negara, menjaga agama. Untuk itu, agar negara ini kuat harus menyatukan bangsa supaya tidak cerai berai.\n\n&nbsp;\n\n&quot;Kita harus menjaga agar tidak ada konflik ideologi yang akan menggantikan idelogi pancasila dan NKRI, dengan pancasila kita terbetuk NKRI, Pancasila Rahmat bagi bangsa Indonesia,&quot; ujar KH Ma&#39;ruf Amin.\n\n&nbsp;\n\nDalam kesempatan tersebut, KH Ma&#39;ruf Amin menyampaikan bahwa dirinya ditugaskan PBNU dan diminta Presiden Jokowi untuk menjadi wapres. Untuk itu, ia meminta dukungan kepada ribuan warga NU Banten yang hadir agar ia dipilih menjadi Wakil Presiden.\n\n&nbsp;\n\n&quot;Nanti kalau saya ke sini lagi sudah bukan lagi cawapres, tetapi sudah menjadi wapres,&quot; ucap Ma&#39;ruf Amin disambut meriah tepuk tangan ribuan warga NU Banten yang hadir.\n\n&nbsp;\n\n&quot;Ada orang yang bilang saya ini sudah tua untuk apa jadi cawapres. Saya ingat sebuah cerita ada orang tua yang menanam pohon, lalu ditanya untuk apa menanam pohon kan bapak sudah tua. Orang tua tersebut bilang, saya menanam pohon agar bisa dimakan untuk generasi yang akan datang,&quot; tutur KH Ma&#39;ruf Amin.\n\n&nbsp;\n\nIa mengatakan, dirinya menjadi cawapres ingin membantu Presiden Jokowi untuk menghilangkan kemiskinan, ketimpangan, kebodohan dan ketidaksejahteraan masyarakat, menghilangkan berbagai disparitas atau kesenjangan.\n\n&nbsp;\n\nHadir dalam kesempatan tersebut Gubernur Banten Wahidin Halim, Wakil Gubernur Banten Andika Hazrumy, Kapolda Banten Brigjen Pol Teddy Minahasa serta para kiai dan ulama di Banten. (ant)\n', '40959-calon-wakil-presiden-nomor-urut-satu-kh-ma-ruf-amin.jpg', '2018-10-16 15:20:42', 8, 1, 0, 0, 0),
(54, 'Pemkab Lebak Optimalkan Infrastruktur Dorong Ekonomi Daerah', 'LEBAK - Pemerintah Kabupaten Lebak, Banten mengoptimalkan pembangunan infrastuktur jalan untuk mendorong pertumbuhan ekonomi daerah serta memperlancar akses lalu lintas.\n\n&nbsp;\n\n&quot;Jika kondisi infrastuktur jalan itu baik tentu kegiatan ekonomi masyarakat juga meningkat,&quot; kata Kasubag Pengendalian Administrasi Pembangunan Sekertariat Pemerintahan Kabupaten Lebak, Rian Hardian di Lebak, Jumat (12/10/2018).\n\n&nbsp;\n\nPemerintah daerah memprioritaskan pembangunan infrastuktur jalan karena mampu menggerakan pertumbuhan ekonomi masyarakat.\n\n&nbsp;\n\nSelama ini, wilayah Kabupaten Lebak secara geografi terluas di Provinsi Banten dan masih kategori tertinggal. Pemerintah daerah memfokuskan pembangunan infrastuktur jalan guna membebaskan dari ketertinggalanya.\n\n&nbsp;\n\nBahkan, pembangunan infrastuktur jalan cukup besar dialokasikan dana melalui APBD hingga Rp750 miliar per tahun. &quot;Kami optimistis tahun depan kemungkinan Lebak terbebas dari ketertinggalan,&quot; katanya.\n\n&nbsp;\n\nMenurut dia, sebagian besar ruas jalan yang menghubungkan antarkecamatan kondisinya sudah baik dengan betonisasi dan hotmixs.\n\n&nbsp;\n\nDiantaranya betonisasi ruas jalan Warunggunung-Gunungkencana-Malingping sekitar 80 kilometer dan ruas jalan Kalanganyar-Cibadak-Cimarga.\n\n&nbsp;\n\nBegitu juga hotmixs ruas jalan Sajira-Muncang-Sobang-Leuwidamar-Bojongmanik-Cirinten. Ruas jalan antarkecamatan itu sangat vital sebagai penggerak ekonomi masyarakat untuk memasarkan hasil bumi ke luar daerah, seperti ke Tangerang, Bogor dan Jakarta.\n\n&nbsp;\n\nSelain itu juga mendongkrak pengunjung wisata ke kawasan adat budaya masyarakat Badui, wisata pesisir Pantai Sawarna, Pantai Suka Hujan, Pantai Cibobos, Pantai Binuangeun, Pantai Cihara, Pantai Panggarangan dan Pantai Bagedur.\n\n&nbsp;\n\nKawasan wisata alam, seeprti arung jeram, pemandian air panas, wisata hutan pinus dan gua lalay. &quot;Kami yakin pembangunan infrastuktur jalan itu dapat menyumbangkan pertumbuhan ekonomi masyarakat,&quot; katanya.\n\n&nbsp;\n\nIa mengatakan, pembangunan infrastuktur itu bagian dari Musyawarah Rencana Pembangunan (Musrenbang) Rencana Kerja Pemerintah Daerah (RKPD) berdasarkan Undang-Undang Nomor 25 Tahun 2004 tentang Sistem Perencanaan Pembangunan Nasional dan UU Nomor 23 Tahun 2014.\n\n&nbsp;\n\nPembangunan juga diamanatkan pentingnya partisipatif dalam perumusan perencanaan pembangunan daerah secara optimal melalui upaya keterlibatan seluruh pemangku kepentingan.\n\n&nbsp;\n\nSelain itu, pembangunan infrastruktur juga ada kewenangan lain, seperti dilakukan oleh pemerintah pusat, provinsi, daerah hingga desa.\n\n&nbsp;\n\nSaat ini, pemerintahan desa juga memiliki anggaran alokasi dana desa (ADD) sehingga dapat digunakan untuk pembangunan infrastruktur jalan antardesa dan antarlingkungan.\n\n&nbsp;\n\n&quot;Kami yakin infrastuktur itu dapat meningkatkan kesejahteraan masyarakat juga mengejar ketertinggalan,&quot; katanya menjelaskan.\n\n&nbsp;\n\nSementara itu, sejumlah masyarakat pedalaman Kabupaten Lebak mengatakan saat ini ruas jalan Rangkasbitung-Muncang sepanjang 22 kilometer sudah bagus dilakukan pengaspalan hotmixs.\n\n&nbsp;\n\n&quot;Kami sekarang pergi ke Rangkasbitung bisa ditempuh satu jam,padahal sebelumnya bisa mencvapai 2,5 jam,&quot; kata H Katma (50) warga Muncang Kabupaten Lebak. (ant)\n', '52ac7-pembangunan-jalan-di-lebak-tingkatkan-ekonomi-masyarakat.jpg', '2018-10-16 15:21:33', 8, 1, 0, 0, 0),
(55, 'Warga Desak Gubernur DKI Tinjau Kembali Ganjil-Genap ', 'JAKARTA - Sejumlah warga mendesak Gubernur DKI Jakarta Anies Baswedan untuk meninjau kembali kebijakan ganjil-genap karena tidak efektif mengurangi kemacetan karenanya diperlukan solusi lain untuk mengatasi masalah kesemrawutan lalu lintas.\n\n&nbsp;\n\n&quot;Penerapan ganjil-genap ini untuk membuat kemacetan di Jakarta menjadi berkurang, ternyata hingga sekarang tidak ada perubahan yang signifikan. Pemprov DKI harus melakukan tindakan untuk masalah ini. Kalau bisa cari solusi lain yang lebih tepat untuk mengatasi kemacetan di Jakarta,&quot; kata salah satu pengendara sepeda motor, Suradi, Senin (15/10/2018).\n\n&nbsp;\n\nPenarapan kebijakan ganjil-genap terhitung 15 Oktober hingga 31 Desember berlakuk mulai pukul 06.00 WIB hingga 10.00 WIB dan pukul 16.00 WIB hingga 20.00 WIB. Kebijakan ini mulai intensif diterapkan menjelang berlangsungnya Asian Games 2018 dan Asian Para Games.\n\n&nbsp;\n\nHal tersebut dilakukan oleh pemerintah untuk mencegah terjadinya kemacetan ketika berlangsungnya Asian Games dan Asian Para Games, mengingat kegiatan olahraga tersebut merupakan salah satu kegiatan terbesar di Asia.\n\n&nbsp;\n\nDi beberapa ruas jalan utama di Jakarta diberlakukan ganjil-genap, salah satunya di jalan MH Thamrin karena jalan tersebut terdapat gedung perkantoran dan perbelanjaan. Adanya kebijakan ganjil-genap membuat kemacetan ruas jalan MH Thamrin berkurang tetapi tidak untuk di jalan-jalan lainnya dimana ganjil-genap tidak berlaku.\n\n&nbsp;\n\nSuradi menambahkan ganjil-genap hanya sebagai pengalihan kemacetan di beberapa jalan utama, tapi tidak untuk jalan lainnya sehingga kebijakan ganjil-genap hanya sebagai kebijakan memindahkan kemacetan.\n\n&nbsp;\n\nSenada dengan Suradi, seorang pengantar barang Andi mengeluhkan berlakunya kebijakan tersebut membuat pekerjaannya terhambat.\n\n&nbsp;\n\n&quot;Sebelum berlakunya ganjil-genap saya biasa mengantar barang bawaan menggunakan mobil boks, tapi sekarang saya hanya bisa menggunakan mobil bertanggal genap, selebihnya saya menggunakan motor,&quot; kata Andi.\n\n&nbsp;\n\nAndi dalam melaksanakan pekerjaannya hanya menggunakan mobil boks dengan nomor polisi genap. Ia menambahkan, pernah ditilang sebanyak dua kali karena menggunakan mobil yang tidak sesuai dengan peraturan ganjil-genap padahal dia hanya sebagai pekerja yang menjalankan tugas.\n\n&nbsp;\n\n&quot;Saya telah ditilang dua kali dan itu merugikan bagi saya maupun kantor, sebaiknya pemerintah memberikan keringanan terhadap mobil pengantar barang sehingga mempermudah pekerjaan&quot; kata Andi.\n\n&nbsp;\n\nSementara itu, salah seorang mahasiswi yang biasa menggunakan kendaraan daring, Ristanti mendukung kebijakan ganjil-genap untuk mengurangi kemacetan di Jakarta.\n\n&nbsp;\n\n&quot;Kebijakan yang telah di berlakukan oleh Pemprov DKI sudah cukup bagus dengan membuat kebijakan ganjil-genap, tapi di sisi lain pemerintah seharusnya memperbanyak tranportasi umum agar kebijaksanaan ganjil-genap benar-benar bermanfaat,&quot; kata Ristanti.\n\n&nbsp;\n\nRistanti menambahkan, sebagai pengguna transportasi umum ingin mendapatkan kenyamanan, sehingga pemilik kendaraan pribadi akan beralih menggunakan menggunakan kendaraan massal.\n\n&nbsp;\n\nKendaraan umum di Jakarta antara lain busway, kopaja, bajaj, kereta komuter dan nanti akan adanya Mass Rapid Transit (MRT) serta Light Rail Transit (LRT).\n\n&nbsp;\n\n&quot;Jika kendaraan umum memadai baik dari jumlah dan kenyamanannya mungkin ke depannya kebijakan ganjil-genap bisa saja tidak akan diperlukan lagi,&quot; kata Ristani. (ant)\n', '53a23-ganjil-genap.jpg', '2018-10-16 15:22:43', 13, 1, 0, 0, 0),
(56, 'FAKTA Nilai Pemerintah Lemah Awasi Taksi Daring', 'JAKARTA - Ketua Forum Warga Kota Jakarta (FAKTA) Azas Tigor Nainggolan menilai pengakuan penumpang taksi daring yang dilecehkan pengemudi dan menjadi viral karena pemerintah lemah mengawasi aplikator penyedia jasa transportasi daring.\n\n&nbsp;\n\n&quot;Selama ini seolah pemerintah tidak bisa menjamah aplikator transportasi daring. Apalagi Peraturan Menteri Perhubungan Nomor 108 Tahun 2017 dicabut oleh Mahkamah Agung,&quot; kata Tigor dihubungi di Jakarta, Senin (15/10/2018).\n\n&nbsp;\n\nTigor mengatakan meskipun sudah banyak kasus kejahatan yang menimpa pengguna taksi daring, penyelesaian masalah keamanan dan jaminan perlindungan hukum pengguna taksi daring nyaris tidak ada.\n\n&nbsp;\n\nTigor menilai pemerintah seakan kehilangan wibawa di hadapan aplikator transportasi daring dan seolah membiarkan masalah dalam praktik taksi daring.\n\n&nbsp;\n\n&quot;Pemerintah belum juga bersikap dan menunjukkan upaya untuk menyelesaikan faktor keamanan taksi daring yang lemah. Pemerintah seolah tidak berani menindak tegas aplikator yang mitra atau pengemudinya melakukan kejahatan,&quot; ujar dia.\n\n&nbsp;\n\nMenurut Tigor, pemerintah perlu mengambil sikap tegas terhadap aplikator transportasi daring karena mereka yang merekrut dan mengoperasikan para pengemudi.\n\n&nbsp;\n\n&quot;Akibatnya pengguna dirugikan terus menerus karena tidak ada standar pelayanan minimum, pengawasan serta penegakan aturan terhadap taksi daring dari pemerintah,&quot; katanya. (ant)\n', '6157b-fakta.jpg', '2018-10-16 15:23:28', 13, 1, 0, 0, 0),
(57, 'Polisi: Penindakan Tilang Elektronik Mulai 1 November', 'JAKARTA - Direktorat Lalu Lintas Polda Metro Jaya memastikan penindakan tilang elektronik terhadap pengendara yang melanggar aturan diberlakukan mulai 1 November 2018.\n\n&nbsp;\n\nDirektur Lalu Lintas Polda Metro Jaya Komisaris Besar Polisi Yusuf di Jakarta, Senin (15/10/2018), mengatakan petugas menyosialisasikan selama satu bulan sebelum diberlakukan penindakan.\n\n&nbsp;\n\n&quot;Tujuanya (sosialisasi) supaya nanti mengetahui proses tilang elektronik ini akan berlangsung pada 1 november sudah dilaksanakan penindakan,&quot; ujar Kombes Yusuf.\n\n&nbsp;\n\nYusuf menuturkan petugas kepolisian telah mempublikasikan uji coba tilang elektronik di kawasan Jalan MH Thamrin dan Jalan Jenderal Sudirman Jakarta Pusat mulai 1 Oktober 2018.\n\n&nbsp;\n\nSelain publikasi melalui media, Polda Metro Jaya juga menyosialisasikan dengan membagikan brosur kepada pengguna jalan dan pemasangan spanduk tilang elektronik.\n\n&nbsp;\n\nYusuf menyebutkan petugas kepolisian akan mendatangi komunitas ojek daring dan kelompok sepeda motor guna menginformasikan pemberlakuan tilang elektronik.\n\n&nbsp;\n\nSebelumnya, Polda Metro Jaya mengujicobakan pemberlakuan tilang elektronik dengan memasang beberapa kamera tersembunyi di Jalan MH Thamrin-Jalan Jenderal Sudirman selama sebulan sejak 1 Oktober 2018.\n\n&nbsp;\n\nUji coba tilang elektronik tersebut mengandalkan kamera pemantau berteknologi canggih yang mampu menangkap layar (capture) nomor polisi kendaraan secara jelas dan memiliki resolusi tinggi buatan Tiongkok.\n\n&nbsp;\n\nKamera pemantau itu bekerja secara otomatis mencari dan menangkap layar identitas kendaraan yang melanggar lalu lintas.\n\n&nbsp;\n\nKemudian data pengendara yang melanggar itu terkirim ke database server milik Polda Metro Jaya yang selanjutnya petugas akan mengonfirmasi melalui surat atau telepon seluler pemilik kendaraan itu untuk memberitahukan surat bukti pelanggaran (tilang).\n\n&nbsp;\n\nSejauh ini, sejumlah kamera pengawas telah tersedia dan diujicobakan, selanjutnya alat tersebut akan dipasang pada persimpangan sepanjang Jalan Thamrin-Jalan Sudirman.\n\n&nbsp;\n\nPada tahap awal, pihak kepolisian menyosialisasikan pemberlakuan tilang elektronik selama satu bulan sebelum dilakukan penindakan atau penegakkan hukum. (ant)\n', '56aac-tilang-elektronik.jpg', '2018-10-16 15:24:04', 13, 1, 1, 0, 0),
(58, 'Peneliti: Tantangan Swasembada Pangan Adalah Luas Lahan', 'JAKARTA - Kepala Penelitian Center for Indonesian Policy Studies (CIPS) Hizkia Respatiadi mengemukakan bahwa tantangan dalam mewujudkan swasembada pangan Nusantara adalah luas lahan yang tidak memadai.\n\n&nbsp;\n\n&quot;Hal ini dibuktikan dari data Bank Dunia pada 2017 yang menyebutkan hanya 31,5 persen atau 570.000 kilometer persegi lahan di Indonesia yang digunakan untuk pertanian,&quot; kata Hizkia Respatiadi di Jakarta, Senin (15/10/2018).\n\n&nbsp;\n\nHizkia mengungkapkan, sebagai perbandingan, Thailand memiliki lahan pertanian seluas 221.000 kilometer persegi atau 43,3 persen dari total lahannya. Sementara Australia, lanjutnya, menggunakan 52,9 persen lahannya untuk pertanian atau seluas 4 juta kilometer persegi.\n\n&nbsp;\n\nSedangkan negara dengan penduduk terbanyak di dunia yaitu China memiliki lahan pertanian seluas 5 juta kilometer persegi atau 54,8 persen dari total luas lahannya.\n\n&nbsp;\n\n&quot;Tantangan yang dimiliki Indonesia untuk mengejar swasembada pangan bukan hanya semakin berkurangnya luas lahan, jumlah pekerja di sektor pertanian juga terus menurun,&quot; paparnya.\n\n&nbsp;\n\nIa mengingatkan bahwa di Tanah Air saat ini sebanyak 45 persen pekerja bekerja di sektor jasa. Sementara itu pekerja di sektor pertanian hanya 33 persen.\n\n&nbsp;\n\nSebelumnya, Menteri Pertanian Andi Amran Nasution menyatakan kepada para generasi muda yang menginginkan menjadi konglomerat, maka seharusnya menekuni bidang pertanian dan menjadi petani.\n\n&nbsp;\n\n&quot;Anak muda kalau mau jadi konglomerat, jadilah milenial,&quot; kata Amran Sulaiman dalam acara Peluncuran Inovasi Teknologi Mekanisasi Pertanian Modern Mendukung Revolusi Industri 4.0 di Balai Besar Pengembangan Mekanisasi Pertanian Serpong, Tangsel, Banten, Jumat (28/9/2018).\n\n&nbsp;\n\nMenurut Amran, dari sekitar 10 konglomerat yang ada di Indonesia, maka sekitar delapan orang mendapatkan kekayaannya terkait dengan sektor pertanian.\n\n&nbsp;\n\nMentan juga berpendapat bahwa setelah pihaknya memberikan banyak bantuan alat, sarana dan prasarana sektor pertanian, maka saat ini semakin banyak pemudi dan pemuda yang turun ke sawah untuk mengelola lahan pertanian.\n\n&nbsp;\n\nSelain itu, ujar dia, terjadi juga lonjakan minat dari generasi muda untuk belajar dan menekuni sektor pertanian, yang ditandai dengan meningkatnya mereka yang ingin belajar di lembaga pendidikan pertanian. (ant)\n', '65a8f-swasembada.jpg', '2018-10-16 15:24:51', 13, 1, 1, 0, 0),
(59, 'DKI Tempatkan Pedagang di Jembatan Tanah Abang', 'JAKARTA - Pemerintah Provinsi DKI Jakarta mulai menempatkan pedagang kecil mandiri (PKM) di jembatan Tanah Abang bersamaan dengan pemanfaatannya, yang ditandai dengan &quot;soft launching&quot; jembatan penyeberangan multiguna (JPM) yang terletak di Jalan Jatibaru Raya, Tanah Abang, Jakarta Pusat, Senin (15/10/2018).\n\n&nbsp;\n\nDalam kesempatan tersebut, sebanyak 100 pedagang dari 446 pedagang yang akan ditempatkan di kios JPM, mendapatkan sosialisasi sekaligus penempatan yang dilakukan Pemerintah Kota Administrasi Jakarta Pusat bersama Dinas Koperasi, Usaha Mikro Kecil dan Menengah serta Perdagangan (KUKMP) Provinsi DKI Jakarta, PD Pembangunan Sarana Jaya, dan PD Pasar Jaya.\n\n&nbsp;\n\nDirektur Utama PD Pembangunan Sarana Jaya -yang bertanggung jawab dalam pembangunan JPM- Yoory C Pinontoan menyampaikan pembangunan JPM saat ini mencapai 78 persen dan dapat rampung secara keseluruhan pada akhir Oktober.\n\n&nbsp;\n\n&quot;Semua masih &#39;on the track&#39; (sesuai jadwal), walaupun kami perlu menunda. Awalnya memang ditargetkan selesai 15 Oktober, namun untuk keamanan dan keselamatan semua, termasuk pedagang, kami pastikan rampung seluruhnya pada akhir Oktober, itu sudah siap digunakan,&quot; ujarnya.&nbsp;\n\n&nbsp;\n\nPemerintah Kota Administrasi Jakarta Pusat bersama Dinas KUKMP Provinsi DKI Jakarta telah melaksanakan pengundian kios bagi&nbsp; pedagang kawasan Jatibaru selama tiga hari. Dimulai pada Kamis, 11 Oktober 2018 sampai dengan Sabtu, 13 Oktober 2018.\n\n&nbsp;\n\nSebanyak 650 pedagang yang diundi tersebut terdiri atas pedagang Jalan Jatibaru Raya (tenda) sebanyak 372 orang; pedagang Jl Jatibaru Raya (trotoar) sebanyak 165 orang; pedagang Jl Jatibaru Bengkel (di trotoar/depan pintu keluar Stasiun Tanah Abang Baru) sebanyak 113 orang.\n\n&nbsp;\n\n&quot;Dari 650 pedagang yang diundi itu, 446 akan kita tempatkan di JPM. Sisanya, sebanyak 204 pedagang akan ditempatkan di Blok F Pasar Tanah Abang,&quot; ujar Wali Kota Jakarta Pusat Bayu Meghantara.\n\n&nbsp;\n\nBayu turut menyampaikan Dinas Perhubungan Provinsi DKI Jakarta juga akan melaksanakan mempelajari atau &quot;assessment&quot; rute eksisting terkait integrasi moda transportasi.\n\n&nbsp;\n\nSementara itu, lanjut dia, Jalan Jatibaru Raya akan kembali dibuka setelah bagian bawah JPM telah steril dari seluruh bahan bangunan, sehingga aman dilalui kendaraan. Sebagai tambahan informasi, para pedagang akan dikenai biaya pelayanan sebesar Rp500 ribu setiap bulan, yang meliputi listrik, keamanan dan kebersihan.\n\n&nbsp;\n\nJPM Tanah Abang merupakan jembatan penghubung Stasiun Tanah Abang hingga ke Blok G akan menjadi jembatan antarmoda yang berintegrasi langsung dengan Stasiun Tanah Abang.\n\n&nbsp;\n\nSelain itu, nantinya, di dekat pintu keluar Stasiun Tanah Abang yang terletak di bawah flyover Jatibaru akan dipasang Ramp (Jembatan Penghubung) untuk memudahkan pejalan kaki dan kaum difabel pada saat melintasi jembatan penghubung ini.\n\n&nbsp;\n\nJPM Tanah Abang dibangun sepanjang 386,4 meter dengan lebar 12,6 meter. Lokasinya tepat berada di atas Jl Jati Baru Raya, dari depan pintu stasiun hingga pasar Blok F melewati pasar Blok G. (ant)\n', 'bdb1a-pedagang.jpg', '2018-10-16 15:25:31', 13, 1, 0, 0, 0);

-- --------------------------------------------------------

--
-- Struktur dari tabel `page`
--

CREATE TABLE `page` (
  `id_page` int(11) NOT NULL,
  `title` varchar(150) NOT NULL,
  `featured_image` varchar(255) NOT NULL,
  `slug` varchar(150) NOT NULL,
  `template` varchar(125) NOT NULL,
  `breadcrumb` text NOT NULL,
  `content` text NOT NULL,
  `keyword` varchar(255) NOT NULL,
  `description` text NOT NULL,
  `view` varchar(150) NOT NULL DEFAULT 'default'
) ENGINE=InnoDB DEFAULT CHARSET=utf8;

--
-- Dumping data untuk tabel `page`
--

INSERT INTO `page` (`id_page`, `title`, `featured_image`, `slug`, `template`, `breadcrumb`, `content`, `keyword`, `description`, `view`) VALUES
(1, 'About', '', 'about', 'frontend', '[{"label":"About","link":""}]', '<p>Lorem ipsum Aliquip exercitation incididunt in ex eiusmod velit et aliqua minim dolore dolore dolor amet eu occaecat in anim et ea voluptate proident Ut Duis fugiat do minim Ut qui cupidatat in laborum consequat Ut do adipisicing in in. asdasd</p>\\r\\n', '', '', 'default'),
(2, 'Home', '', 'home', 'frontend', '[{"label":"Home","link":""}]', '<p>this is custom page can be found in <span class="marker">view/page</span></p>\\r\\n', 'myIgniter', 'myIgniter is custom framework based Codeigniter 3 with combine Grocery CRUD,AdminLTE,Ion auth,Gulp,and Bower. myIgniter for web developer who want to speed up their projects.', 'home'),
(3, 'Simple Backend', '', 'simple-backend', 'backend', '[{"label":"Simple Backend","link":""}]', 'This is simple example Page Builder for backend. \\r\\n\n', '', '', 'callout');

-- --------------------------------------------------------

--
-- Struktur dari tabel `reaction`
--

CREATE TABLE `reaction` (
  `reactionId` bigint(20) NOT NULL,
  `newsId` bigint(20) NOT NULL,
  `senang` bigint(20) NOT NULL,
  `terhibur` bigint(20) NOT NULL,
  `terinspirasi` bigint(20) NOT NULL,
  `bangga` bigint(20) NOT NULL,
  `terkejut` bigint(20) NOT NULL,
  `sedih` bigint(20) NOT NULL,
  `takut` bigint(20) NOT NULL,
  `marah` bit(20) NOT NULL
) ENGINE=InnoDB DEFAULT CHARSET=latin1;

-- --------------------------------------------------------

--
-- Struktur dari tabel `table`
--

CREATE TABLE `table` (
  `id_table` int(11) NOT NULL,
  `table_name` varchar(150) NOT NULL,
  `subject` varchar(150) NOT NULL,
  `title` varchar(150) NOT NULL,
  `required` text NOT NULL,
  `columns` text NOT NULL,
  `field` text NOT NULL,
  `uploads` text NOT NULL,
  `relation_1` text NOT NULL,
  `action` text NOT NULL,
  `breadcrumb` text NOT NULL,
  `table_config` text NOT NULL
) ENGINE=InnoDB DEFAULT CHARSET=utf8;

--
-- Dumping data untuk tabel `table`
--

INSERT INTO `table` (`id_table`, `table_name`, `subject`, `title`, `required`, `columns`, `field`, `uploads`, `relation_1`, `action`, `breadcrumb`, `table_config`) VALUES
(2, 'category', 'Category', 'Category', '', '', '', '', '', '["Action","Create","Read","Update","Delete"]', '[{"label":"Category","link":""}]', '{"categoryId":{"actions":{"column":0,"add":0,"edit":0,"details":1},"type":"input","selectData":{},"selectMultipleData":{},"validation":[]},"name":{"actions":{"column":1,"add":1,"edit":1,"details":1},"type":"input","selectData":{},"selectMultipleData":{},"validation":["required"]},"description":{"actions":{"column":1,"add":1,"edit":1,"details":1},"type":"wysiwyg","selectData":{},"selectMultipleData":{},"validation":["required"]},"parent":{"actions":{"column":1,"add":1,"edit":1,"details":1},"type":"select","selectData":{"table":"category","fieldReff":"parent","labelReff":"name"},"selectMultipleData":{},"validation":["required"]}}'),
(3, 'news', 'News', 'News', '', '', '', '', '', '["Action","Create","Read","Update","Delete"]', '[{"label":"News","link":""}]', '{"newsId":{"actions":{"column":0,"add":0,"edit":0,"details":1},"type":"input","selectData":{},"selectMultipleData":{},"validation":[],"alias":"News Id"},"title":{"actions":{"column":1,"add":1,"edit":1,"details":1},"type":"input","selectData":{},"selectMultipleData":{},"validation":[],"alias":"Title"},"content":{"actions":{"column":1,"add":1,"edit":1,"details":1},"type":"wysiwyg","selectData":{},"selectMultipleData":{},"validation":[],"alias":"Content"},"image":{"actions":{"column":1,"add":1,"edit":1,"details":1},"type":"file","selectData":{},"selectMultipleData":{},"validation":[],"alias":"Image"},"date":{"actions":{"column":1,"add":1,"edit":1,"details":1},"type":"datetime","selectData":{},"selectMultipleData":{},"validation":[],"alias":"News Date"},"categoryId":{"actions":{"column":1,"add":1,"edit":1,"details":1},"type":"select","selectData":{"table":"category","fieldReff":"categoryId","labelReff":"name"},"selectMultipleData":{},"validation":[],"alias":"Category"},"userId":{"actions":{"column":1,"add":1,"edit":0,"details":1},"type":"select","selectData":{"table":"user","fieldReff":"userId","labelReff":"fullname"},"selectMultipleData":{},"validation":[],"alias":"Fullname"},"viewCount":{"actions":{"column":0,"add":0,"edit":0,"details":1},"type":"input","selectData":{},"selectMultipleData":{},"validation":[],"alias":"View Count"},"commentCount":{"actions":{"column":0,"add":0,"edit":0,"details":1},"type":"input","selectData":{},"selectMultipleData":{},"validation":[],"alias":"Comment Count"},"likeCount":{"actions":{"column":0,"add":0,"edit":0,"details":1},"type":"input","selectData":{},"selectMultipleData":{},"validation":[],"alias":"Like Count"}}'),
(4, 'comment', 'Comment', 'Comment', '', '', '', '', '', '["Action","Read"]', '[{"label":"Comment","link":""}]', '{"commentId":{"actions":{"column":0,"add":0,"edit":0,"details":1},"type":"input","selectData":{},"selectMultipleData":{},"validation":[],"alias":"Comment Id"},"newsId":{"actions":{"column":1,"add":0,"edit":0,"details":1},"type":"select","selectData":{"table":"news","fieldReff":"newsId","labelReff":"title"},"selectMultipleData":{},"validation":[],"alias":"Title"},"author":{"actions":{"column":1,"add":0,"edit":0,"details":1},"type":"input","selectData":{},"selectMultipleData":{},"validation":[],"alias":"Author"},"email":{"actions":{"column":1,"add":0,"edit":0,"details":1},"type":"input","selectData":{},"selectMultipleData":{},"validation":[],"alias":"Email"},"content":{"actions":{"column":1,"add":0,"edit":0,"details":1},"type":"text","selectData":{},"selectMultipleData":{},"validation":[],"alias":"Content"},"date":{"actions":{"column":1,"add":0,"edit":0,"details":1},"type":"datetime","selectData":{},"selectMultipleData":{},"validation":[],"alias":"Date"},"ip":{"actions":{"column":0,"add":0,"edit":0,"details":1},"type":"input","selectData":{},"selectMultipleData":{},"validation":[],"alias":"IP Address"},"parent":{"actions":{"column":0,"add":0,"edit":0,"details":1},"type":"select","selectData":{"table":"comment","fieldReff":"parent","labelReff":"content"},"selectMultipleData":{},"validation":[]}}'),
(5, 'tags', 'Tags', 'Tags', '', '', '', '', '', '["Action","Create","Read","Update","Delete"]', '[{"label":"Tags","link":""}]', '{"tagsId":{"actions":{"column":0,"add":0,"edit":0,"details":1},"type":"input","selectData":{},"selectMultipleData":{},"validation":[]},"newsId":{"actions":{"column":1,"add":1,"edit":1,"details":1},"type":"select","selectData":{"table":"news","fieldReff":"newsId","labelReff":"title"},"selectMultipleData":{},"validation":["required"]},"name":{"actions":{"column":1,"add":1,"edit":1,"details":1},"type":"input","selectData":{},"selectMultipleData":{},"validation":[],"alias":"Tags"}}');

-- --------------------------------------------------------

--
-- Struktur dari tabel `tags`
--

CREATE TABLE `tags` (
  `tagsId` bigint(20) NOT NULL,
  `newsId` bigint(20) NOT NULL DEFAULT '0',
  `name` varchar(200) NOT NULL
) ENGINE=InnoDB DEFAULT CHARSET=latin1;

--
-- Dumping data untuk tabel `tags`
--

INSERT INTO `tags` (`tagsId`, `newsId`, `name`) VALUES
(1, 56, 'faktanilaipemerintahlemah');

-- --------------------------------------------------------

--
-- Struktur dari tabel `user`
--

CREATE TABLE `user` (
  `userId` bigint(20) NOT NULL,
  `fullname` varchar(255) NOT NULL,
  `email` varchar(255) NOT NULL,
  `password` varchar(255) NOT NULL,
  `mobile` varchar(255) NOT NULL,
  `role` bigint(20) NOT NULL,
  `status` varchar(255) NOT NULL,
  `createdAt` datetime NOT NULL
) ENGINE=InnoDB DEFAULT CHARSET=latin1;

--
-- Dumping data untuk tabel `user`
--

INSERT INTO `user` (`userId`, `fullname`, `email`, `password`, `mobile`, `role`, `status`, `createdAt`) VALUES
(1, 'Dirga Pradipto', 'dirgapradipto@gmail.com', 'Dirga1234', '', 0, '', '2018-10-13 16:19:00');

-- --------------------------------------------------------

--
-- Struktur dari tabel `users`
--

CREATE TABLE `users` (
  `id` int(11) NOT NULL,
  `ip_address` varchar(15) NOT NULL,
  `username` varchar(100) NOT NULL,
  `password` varchar(225) NOT NULL,
  `salt` varchar(225) NOT NULL,
  `email` varchar(100) NOT NULL,
  `activation_code` varchar(40) NOT NULL,
  `forgotten_password_code` varchar(40) NOT NULL,
  `forgotten_password_time` int(11) NOT NULL,
  `remember_code` varchar(40) NOT NULL,
  `created_on` int(11) NOT NULL,
  `last_login` int(11) NOT NULL,
  `active` int(1) NOT NULL,
  `full_name` varchar(225) NOT NULL,
  `photo` varchar(225) NOT NULL,
  `additional` text NOT NULL
) ENGINE=InnoDB DEFAULT CHARSET=utf8;

--
-- Dumping data untuk tabel `users`
--

INSERT INTO `users` (`id`, `ip_address`, `username`, `password`, `salt`, `email`, `activation_code`, `forgotten_password_code`, `forgotten_password_time`, `remember_code`, `created_on`, `last_login`, `active`, `full_name`, `photo`, `additional`) VALUES
(1, '127.0.0.1', 'admin', '$2y$08$0mQjC9osSWK/7TxNskCoZu/x4mxBOyxVFeAT5lqCGFwVPKAVmW8gO', '', 'admin@admin.com', '', '', 0, 'gOqL46/.mhzfuNC0pSFzY.', 1268889823, 1539706861, 1, 'Administrator', 'b9d76-avatar04.png', ''),
(2, '127.0.0.1', 'member', '$2y$08$0wId8k6W86c1vfsiTuQlaOWhlMCeWdUEsPEa4VFNYGy9bNxTIn0qW', '', 'member@member.com', '', '', 0, '', 1441451078, 1442838976, 1, 'Member', '', ''),
(3, '::1', 'ridwansentosa', '$2y$08$tnLXo0bcJQDLsOAd..UXQewebWLbuIuEZGUJ4XyJg2a8ZiVnJOzpK', '', 'mochridwansentosa@gmail.com', '', '', 0, '', 1539647107, 1539707454, 1, 'Moch Ridwan Sentosa', 'd64a6-12135185_229076237447015_1679948346_n.jpg', '');

-- --------------------------------------------------------

--
-- Struktur dari tabel `users_groups`
--

CREATE TABLE `users_groups` (
  `id` int(11) NOT NULL,
  `user_id` int(11) NOT NULL,
  `group_id` int(11) NOT NULL
) ENGINE=InnoDB DEFAULT CHARSET=utf8;

--
-- Dumping data untuk tabel `users_groups`
--

INSERT INTO `users_groups` (`id`, `user_id`, `group_id`) VALUES
(1, 2, 2),
(2, 2, 1),
(3, 1, 1),
(4, 3, 2);

--
-- Indexes for dumped tables
--

--
-- Indexes for table `api`
--
ALTER TABLE `api`
  ADD PRIMARY KEY (`id_api`);

--
-- Indexes for table `book`
--
ALTER TABLE `book`
  ADD PRIMARY KEY (`id_book`);

--
-- Indexes for table `category`
--
ALTER TABLE `category`
  ADD PRIMARY KEY (`categoryId`);

--
-- Indexes for table `comment`
--
ALTER TABLE `comment`
  ADD PRIMARY KEY (`commentId`);

--
-- Indexes for table `groups`
--
ALTER TABLE `groups`
  ADD PRIMARY KEY (`id`);

--
-- Indexes for table `login`
--
ALTER TABLE `login`
  ADD PRIMARY KEY (`id`);

--
-- Indexes for table `login_attempts`
--
ALTER TABLE `login_attempts`
  ADD PRIMARY KEY (`id`);

--
-- Indexes for table `logs`
--
ALTER TABLE `logs`
  ADD PRIMARY KEY (`id`);

--
-- Indexes for table `menu`
--
ALTER TABLE `menu`
  ADD PRIMARY KEY (`id_menu`);

--
-- Indexes for table `menu_type`
--
ALTER TABLE `menu_type`
  ADD PRIMARY KEY (`id_menu_type`);

--
-- Indexes for table `news`
--
ALTER TABLE `news`
  ADD PRIMARY KEY (`newsId`);

--
-- Indexes for table `page`
--
ALTER TABLE `page`
  ADD PRIMARY KEY (`id_page`);

--
-- Indexes for table `reaction`
--
ALTER TABLE `reaction`
  ADD PRIMARY KEY (`reactionId`);

--
-- Indexes for table `table`
--
ALTER TABLE `table`
  ADD PRIMARY KEY (`id_table`);

--
-- Indexes for table `tags`
--
ALTER TABLE `tags`
  ADD PRIMARY KEY (`tagsId`);

--
-- Indexes for table `user`
--
ALTER TABLE `user`
  ADD PRIMARY KEY (`userId`);

--
-- Indexes for table `users`
--
ALTER TABLE `users`
  ADD PRIMARY KEY (`id`);

--
-- Indexes for table `users_groups`
--
ALTER TABLE `users_groups`
  ADD PRIMARY KEY (`id`);

--
-- AUTO_INCREMENT for dumped tables
--

--
-- AUTO_INCREMENT for table `api`
--
ALTER TABLE `api`
  MODIFY `id_api` int(11) NOT NULL AUTO_INCREMENT;
--
-- AUTO_INCREMENT for table `book`
--
ALTER TABLE `book`
  MODIFY `id_book` int(11) NOT NULL AUTO_INCREMENT;
--
-- AUTO_INCREMENT for table `category`
--
ALTER TABLE `category`
  MODIFY `categoryId` bigint(20) NOT NULL AUTO_INCREMENT, AUTO_INCREMENT=28;
--
-- AUTO_INCREMENT for table `comment`
--
ALTER TABLE `comment`
  MODIFY `commentId` bigint(20) NOT NULL AUTO_INCREMENT, AUTO_INCREMENT=5;
--
-- AUTO_INCREMENT for table `groups`
--
ALTER TABLE `groups`
  MODIFY `id` int(11) NOT NULL AUTO_INCREMENT, AUTO_INCREMENT=3;
--
-- AUTO_INCREMENT for table `login`
--
ALTER TABLE `login`
  MODIFY `id` int(30) NOT NULL AUTO_INCREMENT;
--
-- AUTO_INCREMENT for table `login_attempts`
--
ALTER TABLE `login_attempts`
  MODIFY `id` int(11) NOT NULL AUTO_INCREMENT;
--
-- AUTO_INCREMENT for table `logs`
--
ALTER TABLE `logs`
  MODIFY `id` int(11) NOT NULL AUTO_INCREMENT, AUTO_INCREMENT=35;
--
-- AUTO_INCREMENT for table `menu`
--
ALTER TABLE `menu`
  MODIFY `id_menu` int(11) NOT NULL AUTO_INCREMENT, AUTO_INCREMENT=48;
--
-- AUTO_INCREMENT for table `menu_type`
--
ALTER TABLE `menu_type`
  MODIFY `id_menu_type` int(11) NOT NULL AUTO_INCREMENT, AUTO_INCREMENT=3;
--
-- AUTO_INCREMENT for table `news`
--
ALTER TABLE `news`
  MODIFY `newsId` bigint(20) NOT NULL AUTO_INCREMENT, AUTO_INCREMENT=60;
--
-- AUTO_INCREMENT for table `page`
--
ALTER TABLE `page`
  MODIFY `id_page` int(11) NOT NULL AUTO_INCREMENT, AUTO_INCREMENT=4;
--
-- AUTO_INCREMENT for table `reaction`
--
ALTER TABLE `reaction`
  MODIFY `reactionId` bigint(20) NOT NULL AUTO_INCREMENT;
--
-- AUTO_INCREMENT for table `table`
--
ALTER TABLE `table`
  MODIFY `id_table` int(11) NOT NULL AUTO_INCREMENT, AUTO_INCREMENT=6;
--
-- AUTO_INCREMENT for table `tags`
--
ALTER TABLE `tags`
  MODIFY `tagsId` bigint(20) NOT NULL AUTO_INCREMENT, AUTO_INCREMENT=2;
--
-- AUTO_INCREMENT for table `user`
--
ALTER TABLE `user`
  MODIFY `userId` bigint(20) NOT NULL AUTO_INCREMENT, AUTO_INCREMENT=2;
--
-- AUTO_INCREMENT for table `users`
--
ALTER TABLE `users`
  MODIFY `id` int(11) NOT NULL AUTO_INCREMENT, AUTO_INCREMENT=4;
--
-- AUTO_INCREMENT for table `users_groups`
--
ALTER TABLE `users_groups`
  MODIFY `id` int(11) NOT NULL AUTO_INCREMENT, AUTO_INCREMENT=5;
/*!40101 SET CHARACTER_SET_CLIENT=@OLD_CHARACTER_SET_CLIENT */;
/*!40101 SET CHARACTER_SET_RESULTS=@OLD_CHARACTER_SET_RESULTS */;
/*!40101 SET COLLATION_CONNECTION=@OLD_COLLATION_CONNECTION */;
